date;eur;cad;aud;gbp
2010-12-01;1.3379;1.0027;1.0217;1.5601
2010-12-02;1.3379;1.0027;1.0217;1.5601
2010-12-03;1.3379;1.0027;1.0217;1.5601
2010-12-04;1.3379;1.0027;1.0217;1.5601
2010-12-05;1.3379;1.0027;1.0217;1.5601
2010-12-06;1.3379;1.0027;1.0217;1.5601
2010-12-07;1.3379;1.0027;1.0217;1.5601
2010-12-08;1.3379;1.0027;1.0217;1.5601
2010-12-09;1.3379;1.0027;1.0217;1.5601
2010-12-10;1.3379;1.0027;1.0217;1.5601
2010-12-11;1.3379;1.0027;1.0217;1.5601
2010-12-12;1.3379;1.0027;1.0217;1.5601
2010-12-13;1.3379;1.0027;1.0217;1.5601
2010-12-14;1.3379;1.0027;1.0217;1.5601
2010-12-15;1.3379;1.0027;1.0217;1.5601
2010-12-16;1.3379;1.0027;1.0217;1.5601
2010-12-17;1.3379;1.0027;1.0217;1.5601
2010-12-18;1.3379;1.0027;1.0217;1.5601
2010-12-19;1.3379;1.0027;1.0217;1.5601
2010-12-20;1.3379;1.0027;1.0217;1.5601
2010-12-21;1.3379;1.0027;1.0217;1.5601
2010-12-22;1.3379;1.0027;1.0217;1.5601
2010-12-23;1.3379;1.0027;1.0217;1.5601
2010-12-24;1.3379;1.0027;1.0217;1.5601
2010-12-25;1.3379;1.0027;1.0217;1.5601
2010-12-26;1.3379;1.0027;1.0217;1.5601
2010-12-27;1.3379;1.0027;1.0217;1.5601
2010-12-28;1.3379;1.0027;1.0217;1.5601
2010-12-29;1.3379;1.0027;1.0217;1.5601
2010-12-30;1.3379;1.0027;1.0217;1.5601
2010-12-31;1.3379;1.0027;1.0217;1.5601
2011-01-01;1.3686;0.9984000000000001;0.9963000000000001;1.6015000000000001
2011-01-02;1.3686;0.9984000000000001;0.9963000000000001;1.6015000000000001
2011-01-03;1.3686;0.9984000000000001;0.9963000000000001;1.6015000000000001
2011-01-04;1.3686;0.9984000000000001;0.9963000000000001;1.6015000000000001
2011-01-05;1.3686;0.9984000000000001;0.9963000000000001;1.6015000000000001
2011-01-06;1.3686;0.9984000000000001;0.9963000000000001;1.6015000000000001
2011-01-07;1.3686;0.9984000000000001;0.9963000000000001;1.6015000000000001
2011-01-08;1.3686;0.9984000000000001;0.9963000000000001;1.6015000000000001
2011-01-09;1.3686;0.9984000000000001;0.9963000000000001;1.6015000000000001
2011-01-10;1.3686;0.9984000000000001;0.9963000000000001;1.6015000000000001
2011-01-11;1.3686;0.9984000000000001;0.9963000000000001;1.6015000000000001
2011-01-12;1.3686;0.9984000000000001;0.9963000000000001;1.6015000000000001
2011-01-13;1.3686;0.9984000000000001;0.9963000000000001;1.6015000000000001
2011-01-14;1.3686;0.9984000000000001;0.9963000000000001;1.6015000000000001
2011-01-15;1.3686;0.9984000000000001;0.9963000000000001;1.6015000000000001
2011-01-16;1.3686;0.9984000000000001;0.9963000000000001;1.6015000000000001
2011-01-17;1.3686;0.9984000000000001;0.9963000000000001;1.6015000000000001
2011-01-18;1.3686;0.9984000000000001;0.9963000000000001;1.6015000000000001
2011-01-19;1.3686;0.9984000000000001;0.9963000000000001;1.6015000000000001
2011-01-20;1.3686;0.9984000000000001;0.9963000000000001;1.6015000000000001
2011-01-21;1.3686;0.9984000000000001;0.9963000000000001;1.6015000000000001
2011-01-22;1.3686;0.9984000000000001;0.9963000000000001;1.6015000000000001
2011-01-23;1.3686;0.9984000000000001;0.9963000000000001;1.6015000000000001
2011-01-24;1.3686;0.9984000000000001;0.9963000000000001;1.6015000000000001
2011-01-25;1.3686;0.9984000000000001;0.9963000000000001;1.6015000000000001
2011-01-26;1.3686;0.9984000000000001;0.9963000000000001;1.6015000000000001
2011-01-27;1.3686;0.9984000000000001;0.9963000000000001;1.6015000000000001
2011-01-28;1.3686;0.9984000000000001;0.9963000000000001;1.6015000000000001
2011-01-29;1.3686;0.9984000000000001;0.9963000000000001;1.6015000000000001
2011-01-30;1.3686;0.9984000000000001;0.9963000000000001;1.6015000000000001
2011-01-31;1.3686;0.9984000000000001;0.9963000000000001;1.6015000000000001
2011-02-01;1.3802;1.0292;1.0183;1.6258
2011-02-02;1.3802;1.0292;1.0183;1.6258
2011-02-03;1.3802;1.0292;1.0183;1.6258
2011-02-04;1.3802;1.0292;1.0183;1.6258
2011-02-05;1.3802;1.0292;1.0183;1.6258
2011-02-06;1.3802;1.0292;1.0183;1.6258
2011-02-07;1.3802;1.0292;1.0183;1.6258
2011-02-08;1.3802;1.0292;1.0183;1.6258
2011-02-09;1.3802;1.0292;1.0183;1.6258
2011-02-10;1.3802;1.0292;1.0183;1.6258
2011-02-11;1.3802;1.0292;1.0183;1.6258
2011-02-12;1.3802;1.0292;1.0183;1.6258
2011-02-13;1.3802;1.0292;1.0183;1.6258
2011-02-14;1.3802;1.0292;1.0183;1.6258
2011-02-15;1.3802;1.0292;1.0183;1.6258
2011-02-16;1.3802;1.0292;1.0183;1.6258
2011-02-17;1.3802;1.0292;1.0183;1.6258
2011-02-18;1.3802;1.0292;1.0183;1.6258
2011-02-19;1.3802;1.0292;1.0183;1.6258
2011-02-20;1.3802;1.0292;1.0183;1.6258
2011-02-21;1.3802;1.0292;1.0183;1.6258
2011-02-22;1.3802;1.0292;1.0183;1.6258
2011-02-23;1.3802;1.0292;1.0183;1.6258
2011-02-24;1.3802;1.0292;1.0183;1.6258
2011-02-25;1.3802;1.0292;1.0183;1.6258
2011-02-26;1.3802;1.0292;1.0183;1.6258
2011-02-27;1.3802;1.0292;1.0183;1.6258
2011-02-28;1.3802;1.0292;1.0183;1.6258
2011-03-01;1.4165;1.0308;1.0327;1.6031
2011-03-02;1.4165;1.0308;1.0327;1.6031
2011-03-03;1.4165;1.0308;1.0327;1.6031
2011-03-04;1.4165;1.0308;1.0327;1.6031
2011-03-05;1.4165;1.0308;1.0327;1.6031
2011-03-06;1.4165;1.0308;1.0327;1.6031
2011-03-07;1.4165;1.0308;1.0327;1.6031
2011-03-08;1.4165;1.0308;1.0327;1.6031
2011-03-09;1.4165;1.0308;1.0327;1.6031
2011-03-10;1.4165;1.0308;1.0327;1.6031
2011-03-11;1.4165;1.0308;1.0327;1.6031
2011-03-12;1.4165;1.0308;1.0327;1.6031
2011-03-13;1.4165;1.0308;1.0327;1.6031
2011-03-14;1.4165;1.0308;1.0327;1.6031
2011-03-15;1.4165;1.0308;1.0327;1.6031
2011-03-16;1.4165;1.0308;1.0327;1.6031
2011-03-17;1.4165;1.0308;1.0327;1.6031
2011-03-18;1.4165;1.0308;1.0327;1.6031
2011-03-19;1.4165;1.0308;1.0327;1.6031
2011-03-20;1.4165;1.0308;1.0327;1.6031
2011-03-21;1.4165;1.0308;1.0327;1.6031
2011-03-22;1.4165;1.0308;1.0327;1.6031
2011-03-23;1.4165;1.0308;1.0327;1.6031
2011-03-24;1.4165;1.0308;1.0327;1.6031
2011-03-25;1.4165;1.0308;1.0327;1.6031
2011-03-26;1.4165;1.0308;1.0327;1.6031
2011-03-27;1.4165;1.0308;1.0327;1.6031
2011-03-28;1.4165;1.0308;1.0327;1.6031
2011-03-29;1.4165;1.0308;1.0327;1.6031
2011-03-30;1.4165;1.0308;1.0327;1.6031
2011-03-31;1.4165;1.0308;1.0327;1.6031
2011-04-01;1.4799;1.0583;1.0965;1.6701000000000001
2011-04-02;1.4799;1.0583;1.0965;1.6701000000000001
2011-04-03;1.4799;1.0583;1.0965;1.6701000000000001
2011-04-04;1.4799;1.0583;1.0965;1.6701000000000001
2011-04-05;1.4799;1.0583;1.0965;1.6701000000000001
2011-04-06;1.4799;1.0583;1.0965;1.6701000000000001
2011-04-07;1.4799;1.0583;1.0965;1.6701000000000001
2011-04-08;1.4799;1.0583;1.0965;1.6701000000000001
2011-04-09;1.4799;1.0583;1.0965;1.6701000000000001
2011-04-10;1.4799;1.0583;1.0965;1.6701000000000001
2011-04-11;1.4799;1.0583;1.0965;1.6701000000000001
2011-04-12;1.4799;1.0583;1.0965;1.6701000000000001
2011-04-13;1.4799;1.0583;1.0965;1.6701000000000001
2011-04-14;1.4799;1.0583;1.0965;1.6701000000000001
2011-04-15;1.4799;1.0583;1.0965;1.6701000000000001
2011-04-16;1.4799;1.0583;1.0965;1.6701000000000001
2011-04-17;1.4799;1.0583;1.0965;1.6701000000000001
2011-04-18;1.4799;1.0583;1.0965;1.6701000000000001
2011-04-19;1.4799;1.0583;1.0965;1.6701000000000001
2011-04-20;1.4799;1.0583;1.0965;1.6701000000000001
2011-04-21;1.4799;1.0583;1.0965;1.6701000000000001
2011-04-22;1.4799;1.0583;1.0965;1.6701000000000001
2011-04-23;1.4799;1.0583;1.0965;1.6701000000000001
2011-04-24;1.4799;1.0583;1.0965;1.6701000000000001
2011-04-25;1.4799;1.0583;1.0965;1.6701000000000001
2011-04-26;1.4799;1.0583;1.0965;1.6701000000000001
2011-04-27;1.4799;1.0583;1.0965;1.6701000000000001
2011-04-28;1.4799;1.0583;1.0965;1.6701000000000001
2011-04-29;1.4799;1.0583;1.0965;1.6701000000000001
2011-04-30;1.4799;1.0583;1.0965;1.6701000000000001
2011-05-01;1.4394;1.032;1.0668;1.6449
2011-05-02;1.4394;1.032;1.0668;1.6449
2011-05-03;1.4394;1.032;1.0668;1.6449
2011-05-04;1.4394;1.032;1.0668;1.6449
2011-05-05;1.4394;1.032;1.0668;1.6449
2011-05-06;1.4394;1.032;1.0668;1.6449
2011-05-07;1.4394;1.032;1.0668;1.6449
2011-05-08;1.4394;1.032;1.0668;1.6449
2011-05-09;1.4394;1.032;1.0668;1.6449
2011-05-10;1.4394;1.032;1.0668;1.6449
2011-05-11;1.4394;1.032;1.0668;1.6449
2011-05-12;1.4394;1.032;1.0668;1.6449
2011-05-13;1.4394;1.032;1.0668;1.6449
2011-05-14;1.4394;1.032;1.0668;1.6449
2011-05-15;1.4394;1.032;1.0668;1.6449
2011-05-16;1.4394;1.032;1.0668;1.6449
2011-05-17;1.4394;1.032;1.0668;1.6449
2011-05-18;1.4394;1.032;1.0668;1.6449
2011-05-19;1.4394;1.032;1.0668;1.6449
2011-05-20;1.4394;1.032;1.0668;1.6449
2011-05-21;1.4394;1.032;1.0668;1.6449
2011-05-22;1.4394;1.032;1.0668;1.6449
2011-05-23;1.4394;1.032;1.0668;1.6449
2011-05-24;1.4394;1.032;1.0668;1.6449
2011-05-25;1.4394;1.032;1.0668;1.6449
2011-05-26;1.4394;1.032;1.0668;1.6449
2011-05-27;1.4394;1.032;1.0668;1.6449
2011-05-28;1.4394;1.032;1.0668;1.6449
2011-05-29;1.4394;1.032;1.0668;1.6449
2011-05-30;1.4394;1.032;1.0668;1.6449
2011-05-31;1.4394;1.032;1.0668;1.6449
2011-06-01;1.4504000000000001;1.0379;1.0717;1.6047
2011-06-02;1.4504000000000001;1.0379;1.0717;1.6047
2011-06-03;1.4504000000000001;1.0379;1.0717;1.6047
2011-06-04;1.4504000000000001;1.0379;1.0717;1.6047
2011-06-05;1.4504000000000001;1.0379;1.0717;1.6047
2011-06-06;1.4504000000000001;1.0379;1.0717;1.6047
2011-06-07;1.4504000000000001;1.0379;1.0717;1.6047
2011-06-08;1.4504000000000001;1.0379;1.0717;1.6047
2011-06-09;1.4504000000000001;1.0379;1.0717;1.6047
2011-06-10;1.4504000000000001;1.0379;1.0717;1.6047
2011-06-11;1.4504000000000001;1.0379;1.0717;1.6047
2011-06-12;1.4504000000000001;1.0379;1.0717;1.6047
2011-06-13;1.4504000000000001;1.0379;1.0717;1.6047
2011-06-14;1.4504000000000001;1.0379;1.0717;1.6047
2011-06-15;1.4504000000000001;1.0379;1.0717;1.6047
2011-06-16;1.4504000000000001;1.0379;1.0717;1.6047
2011-06-17;1.4504000000000001;1.0379;1.0717;1.6047
2011-06-18;1.4504000000000001;1.0379;1.0717;1.6047
2011-06-19;1.4504000000000001;1.0379;1.0717;1.6047
2011-06-20;1.4504000000000001;1.0379;1.0717;1.6047
2011-06-21;1.4504000000000001;1.0379;1.0717;1.6047
2011-06-22;1.4504000000000001;1.0379;1.0717;1.6047
2011-06-23;1.4504000000000001;1.0379;1.0717;1.6047
2011-06-24;1.4504000000000001;1.0379;1.0717;1.6047
2011-06-25;1.4504000000000001;1.0379;1.0717;1.6047
2011-06-26;1.4504000000000001;1.0379;1.0717;1.6047
2011-06-27;1.4504000000000001;1.0379;1.0717;1.6047
2011-06-28;1.4504000000000001;1.0379;1.0717;1.6047
2011-06-29;1.4504000000000001;1.0379;1.0717;1.6047
2011-06-30;1.4504000000000001;1.0379;1.0717;1.6047
2011-07-01;1.4395;1.0467;1.0988;1.6418
2011-07-02;1.4395;1.0467;1.0988;1.6418
2011-07-03;1.4395;1.0467;1.0988;1.6418
2011-07-04;1.4395;1.0467;1.0988;1.6418
2011-07-05;1.4395;1.0467;1.0988;1.6418
2011-07-06;1.4395;1.0467;1.0988;1.6418
2011-07-07;1.4395;1.0467;1.0988;1.6418
2011-07-08;1.4395;1.0467;1.0988;1.6418
2011-07-09;1.4395;1.0467;1.0988;1.6418
2011-07-10;1.4395;1.0467;1.0988;1.6418
2011-07-11;1.4395;1.0467;1.0988;1.6418
2011-07-12;1.4395;1.0467;1.0988;1.6418
2011-07-13;1.4395;1.0467;1.0988;1.6418
2011-07-14;1.4395;1.0467;1.0988;1.6418
2011-07-15;1.4395;1.0467;1.0988;1.6418
2011-07-16;1.4395;1.0467;1.0988;1.6418
2011-07-17;1.4395;1.0467;1.0988;1.6418
2011-07-18;1.4395;1.0467;1.0988;1.6418
2011-07-19;1.4395;1.0467;1.0988;1.6418
2011-07-20;1.4395;1.0467;1.0988;1.6418
2011-07-21;1.4395;1.0467;1.0988;1.6418
2011-07-22;1.4395;1.0467;1.0988;1.6418
2011-07-23;1.4395;1.0467;1.0988;1.6418
2011-07-24;1.4395;1.0467;1.0988;1.6418
2011-07-25;1.4395;1.0467;1.0988;1.6418
2011-07-26;1.4395;1.0467;1.0988;1.6418
2011-07-27;1.4395;1.0467;1.0988;1.6418
2011-07-28;1.4395;1.0467;1.0988;1.6418
2011-07-29;1.4395;1.0467;1.0988;1.6418
2011-07-30;1.4395;1.0467;1.0988;1.6418
2011-07-31;1.4395;1.0467;1.0988;1.6418
2011-08-01;1.4377;1.0223;1.0701;1.6252
2011-08-02;1.4377;1.0223;1.0701;1.6252
2011-08-03;1.4377;1.0223;1.0701;1.6252
2011-08-04;1.4377;1.0223;1.0701;1.6252
2011-08-05;1.4377;1.0223;1.0701;1.6252
2011-08-06;1.4377;1.0223;1.0701;1.6252
2011-08-07;1.4377;1.0223;1.0701;1.6252
2011-08-08;1.4377;1.0223;1.0701;1.6252
2011-08-09;1.4377;1.0223;1.0701;1.6252
2011-08-10;1.4377;1.0223;1.0701;1.6252
2011-08-11;1.4377;1.0223;1.0701;1.6252
2011-08-12;1.4377;1.0223;1.0701;1.6252
2011-08-13;1.4377;1.0223;1.0701;1.6252
2011-08-14;1.4377;1.0223;1.0701;1.6252
2011-08-15;1.4377;1.0223;1.0701;1.6252
2011-08-16;1.4377;1.0223;1.0701;1.6252
2011-08-17;1.4377;1.0223;1.0701;1.6252
2011-08-18;1.4377;1.0223;1.0701;1.6252
2011-08-19;1.4377;1.0223;1.0701;1.6252
2011-08-20;1.4377;1.0223;1.0701;1.6252
2011-08-21;1.4377;1.0223;1.0701;1.6252
2011-08-22;1.4377;1.0223;1.0701;1.6252
2011-08-23;1.4377;1.0223;1.0701;1.6252
2011-08-24;1.4377;1.0223;1.0701;1.6252
2011-08-25;1.4377;1.0223;1.0701;1.6252
2011-08-26;1.4377;1.0223;1.0701;1.6252
2011-08-27;1.4377;1.0223;1.0701;1.6252
2011-08-28;1.4377;1.0223;1.0701;1.6252
2011-08-29;1.4377;1.0223;1.0701;1.6252
2011-08-30;1.4377;1.0223;1.0701;1.6252
2011-08-31;1.4377;1.0223;1.0701;1.6252
2011-09-01;1.3384;0.9522;0.9658;1.5582
2011-09-02;1.3384;0.9522;0.9658;1.5582
2011-09-03;1.3384;0.9522;0.9658;1.5582
2011-09-04;1.3384;0.9522;0.9658;1.5582
2011-09-05;1.3384;0.9522;0.9658;1.5582
2011-09-06;1.3384;0.9522;0.9658;1.5582
2011-09-07;1.3384;0.9522;0.9658;1.5582
2011-09-08;1.3384;0.9522;0.9658;1.5582
2011-09-09;1.3384;0.9522;0.9658;1.5582
2011-09-10;1.3384;0.9522;0.9658;1.5582
2011-09-11;1.3384;0.9522;0.9658;1.5582
2011-09-12;1.3384;0.9522;0.9658;1.5582
2011-09-13;1.3384;0.9522;0.9658;1.5582
2011-09-14;1.3384;0.9522;0.9658;1.5582
2011-09-15;1.3384;0.9522;0.9658;1.5582
2011-09-16;1.3384;0.9522;0.9658;1.5582
2011-09-17;1.3384;0.9522;0.9658;1.5582
2011-09-18;1.3384;0.9522;0.9658;1.5582
2011-09-19;1.3384;0.9522;0.9658;1.5582
2011-09-20;1.3384;0.9522;0.9658;1.5582
2011-09-21;1.3384;0.9522;0.9658;1.5582
2011-09-22;1.3384;0.9522;0.9658;1.5582
2011-09-23;1.3384;0.9522;0.9658;1.5582
2011-09-24;1.3384;0.9522;0.9658;1.5582
2011-09-25;1.3384;0.9522;0.9658;1.5582
2011-09-26;1.3384;0.9522;0.9658;1.5582
2011-09-27;1.3384;0.9522;0.9658;1.5582
2011-09-28;1.3384;0.9522;0.9658;1.5582
2011-09-29;1.3384;0.9522;0.9658;1.5582
2011-09-30;1.3384;0.9522;0.9658;1.5582
2011-10-01;1.3856;1.0003;1.0535;1.6088
2011-10-02;1.3856;1.0003;1.0535;1.6088
2011-10-03;1.3856;1.0003;1.0535;1.6088
2011-10-04;1.3856;1.0003;1.0535;1.6088
2011-10-05;1.3856;1.0003;1.0535;1.6088
2011-10-06;1.3856;1.0003;1.0535;1.6088
2011-10-07;1.3856;1.0003;1.0535;1.6088
2011-10-08;1.3856;1.0003;1.0535;1.6088
2011-10-09;1.3856;1.0003;1.0535;1.6088
2011-10-10;1.3856;1.0003;1.0535;1.6088
2011-10-11;1.3856;1.0003;1.0535;1.6088
2011-10-12;1.3856;1.0003;1.0535;1.6088
2011-10-13;1.3856;1.0003;1.0535;1.6088
2011-10-14;1.3856;1.0003;1.0535;1.6088
2011-10-15;1.3856;1.0003;1.0535;1.6088
2011-10-16;1.3856;1.0003;1.0535;1.6088
2011-10-17;1.3856;1.0003;1.0535;1.6088
2011-10-18;1.3856;1.0003;1.0535;1.6088
2011-10-19;1.3856;1.0003;1.0535;1.6088
2011-10-20;1.3856;1.0003;1.0535;1.6088
2011-10-21;1.3856;1.0003;1.0535;1.6088
2011-10-22;1.3856;1.0003;1.0535;1.6088
2011-10-23;1.3856;1.0003;1.0535;1.6088
2011-10-24;1.3856;1.0003;1.0535;1.6088
2011-10-25;1.3856;1.0003;1.0535;1.6088
2011-10-26;1.3856;1.0003;1.0535;1.6088
2011-10-27;1.3856;1.0003;1.0535;1.6088
2011-10-28;1.3856;1.0003;1.0535;1.6088
2011-10-29;1.3856;1.0003;1.0535;1.6088
2011-10-30;1.3856;1.0003;1.0535;1.6088
2011-10-31;1.3856;1.0003;1.0535;1.6088
2011-11-01;1.3441;0.981;1.0275;1.5694
2011-11-02;1.3441;0.981;1.0275;1.5694
2011-11-03;1.3441;0.981;1.0275;1.5694
2011-11-04;1.3441;0.981;1.0275;1.5694
2011-11-05;1.3441;0.981;1.0275;1.5694
2011-11-06;1.3441;0.981;1.0275;1.5694
2011-11-07;1.3441;0.981;1.0275;1.5694
2011-11-08;1.3441;0.981;1.0275;1.5694
2011-11-09;1.3441;0.981;1.0275;1.5694
2011-11-10;1.3441;0.981;1.0275;1.5694
2011-11-11;1.3441;0.981;1.0275;1.5694
2011-11-12;1.3441;0.981;1.0275;1.5694
2011-11-13;1.3441;0.981;1.0275;1.5694
2011-11-14;1.3441;0.981;1.0275;1.5694
2011-11-15;1.3441;0.981;1.0275;1.5694
2011-11-16;1.3441;0.981;1.0275;1.5694
2011-11-17;1.3441;0.981;1.0275;1.5694
2011-11-18;1.3441;0.981;1.0275;1.5694
2011-11-19;1.3441;0.981;1.0275;1.5694
2011-11-20;1.3441;0.981;1.0275;1.5694
2011-11-21;1.3441;0.981;1.0275;1.5694
2011-11-22;1.3441;0.981;1.0275;1.5694
2011-11-23;1.3441;0.981;1.0275;1.5694
2011-11-24;1.3441;0.981;1.0275;1.5694
2011-11-25;1.3441;0.981;1.0275;1.5694
2011-11-26;1.3441;0.981;1.0275;1.5694
2011-11-27;1.3441;0.981;1.0275;1.5694
2011-11-28;1.3441;0.981;1.0275;1.5694
2011-11-29;1.3441;0.981;1.0275;1.5694
2011-11-30;1.3441;0.981;1.0275;1.5694
2011-12-01;1.2945;0.9807;1.0225;1.5535
2011-12-02;1.2945;0.9807;1.0225;1.5535
2011-12-03;1.2945;0.9807;1.0225;1.5535
2011-12-04;1.2945;0.9807;1.0225;1.5535
2011-12-05;1.2945;0.9807;1.0225;1.5535
2011-12-06;1.2945;0.9807;1.0225;1.5535
2011-12-07;1.2945;0.9807;1.0225;1.5535
2011-12-08;1.2945;0.9807;1.0225;1.5535
2011-12-09;1.2945;0.9807;1.0225;1.5535
2011-12-10;1.2945;0.9807;1.0225;1.5535
2011-12-11;1.2945;0.9807;1.0225;1.5535
2011-12-12;1.2945;0.9807;1.0225;1.5535
2011-12-13;1.2945;0.9807;1.0225;1.5535
2011-12-14;1.2945;0.9807;1.0225;1.5535
2011-12-15;1.2945;0.9807;1.0225;1.5535
2011-12-16;1.2945;0.9807;1.0225;1.5535
2011-12-17;1.2945;0.9807;1.0225;1.5535
2011-12-18;1.2945;0.9807;1.0225;1.5535
2011-12-19;1.2945;0.9807;1.0225;1.5535
2011-12-20;1.2945;0.9807;1.0225;1.5535
2011-12-21;1.2945;0.9807;1.0225;1.5535
2011-12-22;1.2945;0.9807;1.0225;1.5535
2011-12-23;1.2945;0.9807;1.0225;1.5535
2011-12-24;1.2945;0.9807;1.0225;1.5535
2011-12-25;1.2945;0.9807;1.0225;1.5535
2011-12-26;1.2945;0.9807;1.0225;1.5535
2011-12-27;1.2945;0.9807;1.0225;1.5535
2011-12-28;1.2945;0.9807;1.0225;1.5535
2011-12-29;1.2945;0.9807;1.0225;1.5535
2011-12-30;1.2945;0.9807;1.0225;1.5535
2011-12-31;1.2945;0.9807;1.0225;1.5535
2012-01-01;1.3078;0.9969;1.0614;1.5756000000000001
2012-01-02;1.3078;0.9969;1.0614;1.5756000000000001
2012-01-03;1.3078;0.9969;1.0614;1.5756000000000001
2012-01-04;1.3078;0.9969;1.0614;1.5756000000000001
2012-01-05;1.3078;0.9969;1.0614;1.5756000000000001
2012-01-06;1.3078;0.9969;1.0614;1.5756000000000001
2012-01-07;1.3078;0.9969;1.0614;1.5756000000000001
2012-01-08;1.3078;0.9969;1.0614;1.5756000000000001
2012-01-09;1.3078;0.9969;1.0614;1.5756000000000001
2012-01-10;1.3078;0.9969;1.0614;1.5756000000000001
2012-01-11;1.3078;0.9969;1.0614;1.5756000000000001
2012-01-12;1.3078;0.9969;1.0614;1.5756000000000001
2012-01-13;1.3078;0.9969;1.0614;1.5756000000000001
2012-01-14;1.3078;0.9969;1.0614;1.5756000000000001
2012-01-15;1.3078;0.9969;1.0614;1.5756000000000001
2012-01-16;1.3078;0.9969;1.0614;1.5756000000000001
2012-01-17;1.3078;0.9969;1.0614;1.5756000000000001
2012-01-18;1.3078;0.9969;1.0614;1.5756000000000001
2012-01-19;1.3078;0.9969;1.0614;1.5756000000000001
2012-01-20;1.3078;0.9969;1.0614;1.5756000000000001
2012-01-21;1.3078;0.9969;1.0614;1.5756000000000001
2012-01-22;1.3078;0.9969;1.0614;1.5756000000000001
2012-01-23;1.3078;0.9969;1.0614;1.5756000000000001
2012-01-24;1.3078;0.9969;1.0614;1.5756000000000001
2012-01-25;1.3078;0.9969;1.0614;1.5756000000000001
2012-01-26;1.3078;0.9969;1.0614;1.5756000000000001
2012-01-27;1.3078;0.9969;1.0614;1.5756000000000001
2012-01-28;1.3078;0.9969;1.0614;1.5756000000000001
2012-01-29;1.3078;0.9969;1.0614;1.5756000000000001
2012-01-30;1.3078;0.9969;1.0614;1.5756000000000001
2012-01-31;1.3078;0.9969;1.0614;1.5756000000000001
2012-02-01;1.3324;1.0104;1.0729;1.5916000000000001
2012-02-02;1.3324;1.0104;1.0729;1.5916000000000001
2012-02-03;1.3324;1.0104;1.0729;1.5916000000000001
2012-02-04;1.3324;1.0104;1.0729;1.5916000000000001
2012-02-05;1.3324;1.0104;1.0729;1.5916000000000001
2012-02-06;1.3324;1.0104;1.0729;1.5916000000000001
2012-02-07;1.3324;1.0104;1.0729;1.5916000000000001
2012-02-08;1.3324;1.0104;1.0729;1.5916000000000001
2012-02-09;1.3324;1.0104;1.0729;1.5916000000000001
2012-02-10;1.3324;1.0104;1.0729;1.5916000000000001
2012-02-11;1.3324;1.0104;1.0729;1.5916000000000001
2012-02-12;1.3324;1.0104;1.0729;1.5916000000000001
2012-02-13;1.3324;1.0104;1.0729;1.5916000000000001
2012-02-14;1.3324;1.0104;1.0729;1.5916000000000001
2012-02-15;1.3324;1.0104;1.0729;1.5916000000000001
2012-02-16;1.3324;1.0104;1.0729;1.5916000000000001
2012-02-17;1.3324;1.0104;1.0729;1.5916000000000001
2012-02-18;1.3324;1.0104;1.0729;1.5916000000000001
2012-02-19;1.3324;1.0104;1.0729;1.5916000000000001
2012-02-20;1.3324;1.0104;1.0729;1.5916000000000001
2012-02-21;1.3324;1.0104;1.0729;1.5916000000000001
2012-02-22;1.3324;1.0104;1.0729;1.5916000000000001
2012-02-23;1.3324;1.0104;1.0729;1.5916000000000001
2012-02-24;1.3324;1.0104;1.0729;1.5916000000000001
2012-02-25;1.3324;1.0104;1.0729;1.5916000000000001
2012-02-26;1.3324;1.0104;1.0729;1.5916000000000001
2012-02-27;1.3324;1.0104;1.0729;1.5916000000000001
2012-02-28;1.3324;1.0104;1.0729;1.5916000000000001
2012-02-29;1.3324;1.0104;1.0729;1.5916000000000001
2012-03-01;1.3343;1.002;1.0341;1.601
2012-03-02;1.3343;1.002;1.0341;1.601
2012-03-03;1.3343;1.002;1.0341;1.601
2012-03-04;1.3343;1.002;1.0341;1.601
2012-03-05;1.3343;1.002;1.0341;1.601
2012-03-06;1.3343;1.002;1.0341;1.601
2012-03-07;1.3343;1.002;1.0341;1.601
2012-03-08;1.3343;1.002;1.0341;1.601
2012-03-09;1.3343;1.002;1.0341;1.601
2012-03-10;1.3343;1.002;1.0341;1.601
2012-03-11;1.3343;1.002;1.0341;1.601
2012-03-12;1.3343;1.002;1.0341;1.601
2012-03-13;1.3343;1.002;1.0341;1.601
2012-03-14;1.3343;1.002;1.0341;1.601
2012-03-15;1.3343;1.002;1.0341;1.601
2012-03-16;1.3343;1.002;1.0341;1.601
2012-03-17;1.3343;1.002;1.0341;1.601
2012-03-18;1.3343;1.002;1.0341;1.601
2012-03-19;1.3343;1.002;1.0341;1.601
2012-03-20;1.3343;1.002;1.0341;1.601
2012-03-21;1.3343;1.002;1.0341;1.601
2012-03-22;1.3343;1.002;1.0341;1.601
2012-03-23;1.3343;1.002;1.0341;1.601
2012-03-24;1.3343;1.002;1.0341;1.601
2012-03-25;1.3343;1.002;1.0341;1.601
2012-03-26;1.3343;1.002;1.0341;1.601
2012-03-27;1.3343;1.002;1.0341;1.601
2012-03-28;1.3343;1.002;1.0341;1.601
2012-03-29;1.3343;1.002;1.0341;1.601
2012-03-30;1.3343;1.002;1.0341;1.601
2012-03-31;1.3343;1.002;1.0341;1.601
2012-04-01;1.324;1.0129;1.0423;1.6231
2012-04-02;1.324;1.0129;1.0423;1.6231
2012-04-03;1.324;1.0129;1.0423;1.6231
2012-04-04;1.324;1.0129;1.0423;1.6231
2012-04-05;1.324;1.0129;1.0423;1.6231
2012-04-06;1.324;1.0129;1.0423;1.6231
2012-04-07;1.324;1.0129;1.0423;1.6231
2012-04-08;1.324;1.0129;1.0423;1.6231
2012-04-09;1.324;1.0129;1.0423;1.6231
2012-04-10;1.324;1.0129;1.0423;1.6231
2012-04-11;1.324;1.0129;1.0423;1.6231
2012-04-12;1.324;1.0129;1.0423;1.6231
2012-04-13;1.324;1.0129;1.0423;1.6231
2012-04-14;1.324;1.0129;1.0423;1.6231
2012-04-15;1.324;1.0129;1.0423;1.6231
2012-04-16;1.324;1.0129;1.0423;1.6231
2012-04-17;1.324;1.0129;1.0423;1.6231
2012-04-18;1.324;1.0129;1.0423;1.6231
2012-04-19;1.324;1.0129;1.0423;1.6231
2012-04-20;1.324;1.0129;1.0423;1.6231
2012-04-21;1.324;1.0129;1.0423;1.6231
2012-04-22;1.324;1.0129;1.0423;1.6231
2012-04-23;1.324;1.0129;1.0423;1.6231
2012-04-24;1.324;1.0129;1.0423;1.6231
2012-04-25;1.324;1.0129;1.0423;1.6231
2012-04-26;1.324;1.0129;1.0423;1.6231
2012-04-27;1.324;1.0129;1.0423;1.6231
2012-04-28;1.324;1.0129;1.0423;1.6231
2012-04-29;1.324;1.0129;1.0423;1.6231
2012-04-30;1.324;1.0129;1.0423;1.6231
2012-05-01;1.2356;0.9675;0.9727;1.5403
2012-05-02;1.2356;0.9675;0.9727;1.5403
2012-05-03;1.2356;0.9675;0.9727;1.5403
2012-05-04;1.2356;0.9675;0.9727;1.5403
2012-05-05;1.2356;0.9675;0.9727;1.5403
2012-05-06;1.2356;0.9675;0.9727;1.5403
2012-05-07;1.2356;0.9675;0.9727;1.5403
2012-05-08;1.2356;0.9675;0.9727;1.5403
2012-05-09;1.2356;0.9675;0.9727;1.5403
2012-05-10;1.2356;0.9675;0.9727;1.5403
2012-05-11;1.2356;0.9675;0.9727;1.5403
2012-05-12;1.2356;0.9675;0.9727;1.5403
2012-05-13;1.2356;0.9675;0.9727;1.5403
2012-05-14;1.2356;0.9675;0.9727;1.5403
2012-05-15;1.2356;0.9675;0.9727;1.5403
2012-05-16;1.2356;0.9675;0.9727;1.5403
2012-05-17;1.2356;0.9675;0.9727;1.5403
2012-05-18;1.2356;0.9675;0.9727;1.5403
2012-05-19;1.2356;0.9675;0.9727;1.5403
2012-05-20;1.2356;0.9675;0.9727;1.5403
2012-05-21;1.2356;0.9675;0.9727;1.5403
2012-05-22;1.2356;0.9675;0.9727;1.5403
2012-05-23;1.2356;0.9675;0.9727;1.5403
2012-05-24;1.2356;0.9675;0.9727;1.5403
2012-05-25;1.2356;0.9675;0.9727;1.5403
2012-05-26;1.2356;0.9675;0.9727;1.5403
2012-05-27;1.2356;0.9675;0.9727;1.5403
2012-05-28;1.2356;0.9675;0.9727;1.5403
2012-05-29;1.2356;0.9675;0.9727;1.5403
2012-05-30;1.2356;0.9675;0.9727;1.5403
2012-05-31;1.2356;0.9675;0.9727;1.5403
2012-06-01;1.2658;0.9835;1.0233;1.5705
2012-06-02;1.2658;0.9835;1.0233;1.5705
2012-06-03;1.2658;0.9835;1.0233;1.5705
2012-06-04;1.2658;0.9835;1.0233;1.5705
2012-06-05;1.2658;0.9835;1.0233;1.5705
2012-06-06;1.2658;0.9835;1.0233;1.5705
2012-06-07;1.2658;0.9835;1.0233;1.5705
2012-06-08;1.2658;0.9835;1.0233;1.5705
2012-06-09;1.2658;0.9835;1.0233;1.5705
2012-06-10;1.2658;0.9835;1.0233;1.5705
2012-06-11;1.2658;0.9835;1.0233;1.5705
2012-06-12;1.2658;0.9835;1.0233;1.5705
2012-06-13;1.2658;0.9835;1.0233;1.5705
2012-06-14;1.2658;0.9835;1.0233;1.5705
2012-06-15;1.2658;0.9835;1.0233;1.5705
2012-06-16;1.2658;0.9835;1.0233;1.5705
2012-06-17;1.2658;0.9835;1.0233;1.5705
2012-06-18;1.2658;0.9835;1.0233;1.5705
2012-06-19;1.2658;0.9835;1.0233;1.5705
2012-06-20;1.2658;0.9835;1.0233;1.5705
2012-06-21;1.2658;0.9835;1.0233;1.5705
2012-06-22;1.2658;0.9835;1.0233;1.5705
2012-06-23;1.2658;0.9835;1.0233;1.5705
2012-06-24;1.2658;0.9835;1.0233;1.5705
2012-06-25;1.2658;0.9835;1.0233;1.5705
2012-06-26;1.2658;0.9835;1.0233;1.5705
2012-06-27;1.2658;0.9835;1.0233;1.5705
2012-06-28;1.2658;0.9835;1.0233;1.5705
2012-06-29;1.2658;0.9835;1.0233;1.5705
2012-06-30;1.2658;0.9835;1.0233;1.5705
2012-07-01;1.2303;0.9967;1.05;1.5676
2012-07-02;1.2303;0.9967;1.05;1.5676
2012-07-03;1.2303;0.9967;1.05;1.5676
2012-07-04;1.2303;0.9967;1.05;1.5676
2012-07-05;1.2303;0.9967;1.05;1.5676
2012-07-06;1.2303;0.9967;1.05;1.5676
2012-07-07;1.2303;0.9967;1.05;1.5676
2012-07-08;1.2303;0.9967;1.05;1.5676
2012-07-09;1.2303;0.9967;1.05;1.5676
2012-07-10;1.2303;0.9967;1.05;1.5676
2012-07-11;1.2303;0.9967;1.05;1.5676
2012-07-12;1.2303;0.9967;1.05;1.5676
2012-07-13;1.2303;0.9967;1.05;1.5676
2012-07-14;1.2303;0.9967;1.05;1.5676
2012-07-15;1.2303;0.9967;1.05;1.5676
2012-07-16;1.2303;0.9967;1.05;1.5676
2012-07-17;1.2303;0.9967;1.05;1.5676
2012-07-18;1.2303;0.9967;1.05;1.5676
2012-07-19;1.2303;0.9967;1.05;1.5676
2012-07-20;1.2303;0.9967;1.05;1.5676
2012-07-21;1.2303;0.9967;1.05;1.5676
2012-07-22;1.2303;0.9967;1.05;1.5676
2012-07-23;1.2303;0.9967;1.05;1.5676
2012-07-24;1.2303;0.9967;1.05;1.5676
2012-07-25;1.2303;0.9967;1.05;1.5676
2012-07-26;1.2303;0.9967;1.05;1.5676
2012-07-27;1.2303;0.9967;1.05;1.5676
2012-07-28;1.2303;0.9967;1.05;1.5676
2012-07-29;1.2303;0.9967;1.05;1.5676
2012-07-30;1.2303;0.9967;1.05;1.5676
2012-07-31;1.2303;0.9967;1.05;1.5676
2012-08-01;1.2575;1.0135;1.032;1.5864
2012-08-02;1.2575;1.0135;1.032;1.5864
2012-08-03;1.2575;1.0135;1.032;1.5864
2012-08-04;1.2575;1.0135;1.032;1.5864
2012-08-05;1.2575;1.0135;1.032;1.5864
2012-08-06;1.2575;1.0135;1.032;1.5864
2012-08-07;1.2575;1.0135;1.032;1.5864
2012-08-08;1.2575;1.0135;1.032;1.5864
2012-08-09;1.2575;1.0135;1.032;1.5864
2012-08-10;1.2575;1.0135;1.032;1.5864
2012-08-11;1.2575;1.0135;1.032;1.5864
2012-08-12;1.2575;1.0135;1.032;1.5864
2012-08-13;1.2575;1.0135;1.032;1.5864
2012-08-14;1.2575;1.0135;1.032;1.5864
2012-08-15;1.2575;1.0135;1.032;1.5864
2012-08-16;1.2575;1.0135;1.032;1.5864
2012-08-17;1.2575;1.0135;1.032;1.5864
2012-08-18;1.2575;1.0135;1.032;1.5864
2012-08-19;1.2575;1.0135;1.032;1.5864
2012-08-20;1.2575;1.0135;1.032;1.5864
2012-08-21;1.2575;1.0135;1.032;1.5864
2012-08-22;1.2575;1.0135;1.032;1.5864
2012-08-23;1.2575;1.0135;1.032;1.5864
2012-08-24;1.2575;1.0135;1.032;1.5864
2012-08-25;1.2575;1.0135;1.032;1.5864
2012-08-26;1.2575;1.0135;1.032;1.5864
2012-08-27;1.2575;1.0135;1.032;1.5864
2012-08-28;1.2575;1.0135;1.032;1.5864
2012-08-29;1.2575;1.0135;1.032;1.5864
2012-08-30;1.2575;1.0135;1.032;1.5864
2012-08-31;1.2575;1.0135;1.032;1.5864
2012-09-01;1.2858;1.017;1.0377;1.6164
2012-09-02;1.2858;1.017;1.0377;1.6164
2012-09-03;1.2858;1.017;1.0377;1.6164
2012-09-04;1.2858;1.017;1.0377;1.6164
2012-09-05;1.2858;1.017;1.0377;1.6164
2012-09-06;1.2858;1.017;1.0377;1.6164
2012-09-07;1.2858;1.017;1.0377;1.6164
2012-09-08;1.2858;1.017;1.0377;1.6164
2012-09-09;1.2858;1.017;1.0377;1.6164
2012-09-10;1.2858;1.017;1.0377;1.6164
2012-09-11;1.2858;1.017;1.0377;1.6164
2012-09-12;1.2858;1.017;1.0377;1.6164
2012-09-13;1.2858;1.017;1.0377;1.6164
2012-09-14;1.2858;1.017;1.0377;1.6164
2012-09-15;1.2858;1.017;1.0377;1.6164
2012-09-16;1.2858;1.017;1.0377;1.6164
2012-09-17;1.2858;1.017;1.0377;1.6164
2012-09-18;1.2858;1.017;1.0377;1.6164
2012-09-19;1.2858;1.017;1.0377;1.6164
2012-09-20;1.2858;1.017;1.0377;1.6164
2012-09-21;1.2858;1.017;1.0377;1.6164
2012-09-22;1.2858;1.017;1.0377;1.6164
2012-09-23;1.2858;1.017;1.0377;1.6164
2012-09-24;1.2858;1.017;1.0377;1.6164
2012-09-25;1.2858;1.017;1.0377;1.6164
2012-09-26;1.2858;1.017;1.0377;1.6164
2012-09-27;1.2858;1.017;1.0377;1.6164
2012-09-28;1.2858;1.017;1.0377;1.6164
2012-09-29;1.2858;1.017;1.0377;1.6164
2012-09-30;1.2858;1.017;1.0377;1.6164
2012-10-01;1.2958;0.9998;1.0373;1.6128
2012-10-02;1.2958;0.9998;1.0373;1.6128
2012-10-03;1.2958;0.9998;1.0373;1.6128
2012-10-04;1.2958;0.9998;1.0373;1.6128
2012-10-05;1.2958;0.9998;1.0373;1.6128
2012-10-06;1.2958;0.9998;1.0373;1.6128
2012-10-07;1.2958;0.9998;1.0373;1.6128
2012-10-08;1.2958;0.9998;1.0373;1.6128
2012-10-09;1.2958;0.9998;1.0373;1.6128
2012-10-10;1.2958;0.9998;1.0373;1.6128
2012-10-11;1.2958;0.9998;1.0373;1.6128
2012-10-12;1.2958;0.9998;1.0373;1.6128
2012-10-13;1.2958;0.9998;1.0373;1.6128
2012-10-14;1.2958;0.9998;1.0373;1.6128
2012-10-15;1.2958;0.9998;1.0373;1.6128
2012-10-16;1.2958;0.9998;1.0373;1.6128
2012-10-17;1.2958;0.9998;1.0373;1.6128
2012-10-18;1.2958;0.9998;1.0373;1.6128
2012-10-19;1.2958;0.9998;1.0373;1.6128
2012-10-20;1.2958;0.9998;1.0373;1.6128
2012-10-21;1.2958;0.9998;1.0373;1.6128
2012-10-22;1.2958;0.9998;1.0373;1.6128
2012-10-23;1.2958;0.9998;1.0373;1.6128
2012-10-24;1.2958;0.9998;1.0373;1.6128
2012-10-25;1.2958;0.9998;1.0373;1.6128
2012-10-26;1.2958;0.9998;1.0373;1.6128
2012-10-27;1.2958;0.9998;1.0373;1.6128
2012-10-28;1.2958;0.9998;1.0373;1.6128
2012-10-29;1.2958;0.9998;1.0373;1.6128
2012-10-30;1.2958;0.9998;1.0373;1.6128
2012-10-31;1.2958;0.9998;1.0373;1.6128
2012-11-01;1.2984;1.0063;1.0426;1.601
2012-11-02;1.2984;1.0063;1.0426;1.601
2012-11-03;1.2984;1.0063;1.0426;1.601
2012-11-04;1.2984;1.0063;1.0426;1.601
2012-11-05;1.2984;1.0063;1.0426;1.601
2012-11-06;1.2984;1.0063;1.0426;1.601
2012-11-07;1.2984;1.0063;1.0426;1.601
2012-11-08;1.2984;1.0063;1.0426;1.601
2012-11-09;1.2984;1.0063;1.0426;1.601
2012-11-10;1.2984;1.0063;1.0426;1.601
2012-11-11;1.2984;1.0063;1.0426;1.601
2012-11-12;1.2984;1.0063;1.0426;1.601
2012-11-13;1.2984;1.0063;1.0426;1.601
2012-11-14;1.2984;1.0063;1.0426;1.601
2012-11-15;1.2984;1.0063;1.0426;1.601
2012-11-16;1.2984;1.0063;1.0426;1.601
2012-11-17;1.2984;1.0063;1.0426;1.601
2012-11-18;1.2984;1.0063;1.0426;1.601
2012-11-19;1.2984;1.0063;1.0426;1.601
2012-11-20;1.2984;1.0063;1.0426;1.601
2012-11-21;1.2984;1.0063;1.0426;1.601
2012-11-22;1.2984;1.0063;1.0426;1.601
2012-11-23;1.2984;1.0063;1.0426;1.601
2012-11-24;1.2984;1.0063;1.0426;1.601
2012-11-25;1.2984;1.0063;1.0426;1.601
2012-11-26;1.2984;1.0063;1.0426;1.601
2012-11-27;1.2984;1.0063;1.0426;1.601
2012-11-28;1.2984;1.0063;1.0426;1.601
2012-11-29;1.2984;1.0063;1.0426;1.601
2012-11-30;1.2984;1.0063;1.0426;1.601
2012-12-01;1.3194;1.0067;1.0393;1.6251
2012-12-02;1.3194;1.0067;1.0393;1.6251
2012-12-03;1.3194;1.0067;1.0393;1.6251
2012-12-04;1.3194;1.0067;1.0393;1.6251
2012-12-05;1.3194;1.0067;1.0393;1.6251
2012-12-06;1.3194;1.0067;1.0393;1.6251
2012-12-07;1.3194;1.0067;1.0393;1.6251
2012-12-08;1.3194;1.0067;1.0393;1.6251
2012-12-09;1.3194;1.0067;1.0393;1.6251
2012-12-10;1.3194;1.0067;1.0393;1.6251
2012-12-11;1.3194;1.0067;1.0393;1.6251
2012-12-12;1.3194;1.0067;1.0393;1.6251
2012-12-13;1.3194;1.0067;1.0393;1.6251
2012-12-14;1.3194;1.0067;1.0393;1.6251
2012-12-15;1.3194;1.0067;1.0393;1.6251
2012-12-16;1.3194;1.0067;1.0393;1.6251
2012-12-17;1.3194;1.0067;1.0393;1.6251
2012-12-18;1.3194;1.0067;1.0393;1.6251
2012-12-19;1.3194;1.0067;1.0393;1.6251
2012-12-20;1.3194;1.0067;1.0393;1.6251
2012-12-21;1.3194;1.0067;1.0393;1.6251
2012-12-22;1.3194;1.0067;1.0393;1.6251
2012-12-23;1.3194;1.0067;1.0393;1.6251
2012-12-24;1.3194;1.0067;1.0393;1.6251
2012-12-25;1.3194;1.0067;1.0393;1.6251
2012-12-26;1.3194;1.0067;1.0393;1.6251
2012-12-27;1.3194;1.0067;1.0393;1.6251
2012-12-28;1.3194;1.0067;1.0393;1.6251
2012-12-29;1.3194;1.0067;1.0393;1.6251
2012-12-30;1.3194;1.0067;1.0393;1.6251
2012-12-31;1.3194;1.0067;1.0393;1.6251
2013-01-01;1.3578000000000001;1.0025;1.0422;1.5854
2013-01-02;1.3578000000000001;1.0025;1.0422;1.5854
2013-01-03;1.3578000000000001;1.0025;1.0422;1.5854
2013-01-04;1.3578000000000001;1.0025;1.0422;1.5854
2013-01-05;1.3578000000000001;1.0025;1.0422;1.5854
2013-01-06;1.3578000000000001;1.0025;1.0422;1.5854
2013-01-07;1.3578000000000001;1.0025;1.0422;1.5854
2013-01-08;1.3578000000000001;1.0025;1.0422;1.5854
2013-01-09;1.3578000000000001;1.0025;1.0422;1.5854
2013-01-10;1.3578000000000001;1.0025;1.0422;1.5854
2013-01-11;1.3578000000000001;1.0025;1.0422;1.5854
2013-01-12;1.3578000000000001;1.0025;1.0422;1.5854
2013-01-13;1.3578000000000001;1.0025;1.0422;1.5854
2013-01-14;1.3578000000000001;1.0025;1.0422;1.5854
2013-01-15;1.3578000000000001;1.0025;1.0422;1.5854
2013-01-16;1.3578000000000001;1.0025;1.0422;1.5854
2013-01-17;1.3578000000000001;1.0025;1.0422;1.5854
2013-01-18;1.3578000000000001;1.0025;1.0422;1.5854
2013-01-19;1.3578000000000001;1.0025;1.0422;1.5854
2013-01-20;1.3578000000000001;1.0025;1.0422;1.5854
2013-01-21;1.3578000000000001;1.0025;1.0422;1.5854
2013-01-22;1.3578000000000001;1.0025;1.0422;1.5854
2013-01-23;1.3578000000000001;1.0025;1.0422;1.5854
2013-01-24;1.3578000000000001;1.0025;1.0422;1.5854
2013-01-25;1.3578000000000001;1.0025;1.0422;1.5854
2013-01-26;1.3578000000000001;1.0025;1.0422;1.5854
2013-01-27;1.3578000000000001;1.0025;1.0422;1.5854
2013-01-28;1.3578000000000001;1.0025;1.0422;1.5854
2013-01-29;1.3578000000000001;1.0025;1.0422;1.5854
2013-01-30;1.3578000000000001;1.0025;1.0422;1.5854
2013-01-31;1.3578000000000001;1.0025;1.0422;1.5854
2013-02-01;1.3056;0.9701000000000001;1.0212;1.516
2013-02-02;1.3056;0.9701000000000001;1.0212;1.516
2013-02-03;1.3056;0.9701000000000001;1.0212;1.516
2013-02-04;1.3056;0.9701000000000001;1.0212;1.516
2013-02-05;1.3056;0.9701000000000001;1.0212;1.516
2013-02-06;1.3056;0.9701000000000001;1.0212;1.516
2013-02-07;1.3056;0.9701000000000001;1.0212;1.516
2013-02-08;1.3056;0.9701000000000001;1.0212;1.516
2013-02-09;1.3056;0.9701000000000001;1.0212;1.516
2013-02-10;1.3056;0.9701000000000001;1.0212;1.516
2013-02-11;1.3056;0.9701000000000001;1.0212;1.516
2013-02-12;1.3056;0.9701000000000001;1.0212;1.516
2013-02-13;1.3056;0.9701000000000001;1.0212;1.516
2013-02-14;1.3056;0.9701000000000001;1.0212;1.516
2013-02-15;1.3056;0.9701000000000001;1.0212;1.516
2013-02-16;1.3056;0.9701000000000001;1.0212;1.516
2013-02-17;1.3056;0.9701000000000001;1.0212;1.516
2013-02-18;1.3056;0.9701000000000001;1.0212;1.516
2013-02-19;1.3056;0.9701000000000001;1.0212;1.516
2013-02-20;1.3056;0.9701000000000001;1.0212;1.516
2013-02-21;1.3056;0.9701000000000001;1.0212;1.516
2013-02-22;1.3056;0.9701000000000001;1.0212;1.516
2013-02-23;1.3056;0.9701000000000001;1.0212;1.516
2013-02-24;1.3056;0.9701000000000001;1.0212;1.516
2013-02-25;1.3056;0.9701000000000001;1.0212;1.516
2013-02-26;1.3056;0.9701000000000001;1.0212;1.516
2013-02-27;1.3056;0.9701000000000001;1.0212;1.516
2013-02-28;1.3056;0.9701000000000001;1.0212;1.516
2013-03-01;1.2818;0.983;1.0417;1.5201
2013-03-02;1.2818;0.983;1.0417;1.5201
2013-03-03;1.2818;0.983;1.0417;1.5201
2013-03-04;1.2818;0.983;1.0417;1.5201
2013-03-05;1.2818;0.983;1.0417;1.5201
2013-03-06;1.2818;0.983;1.0417;1.5201
2013-03-07;1.2818;0.983;1.0417;1.5201
2013-03-08;1.2818;0.983;1.0417;1.5201
2013-03-09;1.2818;0.983;1.0417;1.5201
2013-03-10;1.2818;0.983;1.0417;1.5201
2013-03-11;1.2818;0.983;1.0417;1.5201
2013-03-12;1.2818;0.983;1.0417;1.5201
2013-03-13;1.2818;0.983;1.0417;1.5201
2013-03-14;1.2818;0.983;1.0417;1.5201
2013-03-15;1.2818;0.983;1.0417;1.5201
2013-03-16;1.2818;0.983;1.0417;1.5201
2013-03-17;1.2818;0.983;1.0417;1.5201
2013-03-18;1.2818;0.983;1.0417;1.5201
2013-03-19;1.2818;0.983;1.0417;1.5201
2013-03-20;1.2818;0.983;1.0417;1.5201
2013-03-21;1.2818;0.983;1.0417;1.5201
2013-03-22;1.2818;0.983;1.0417;1.5201
2013-03-23;1.2818;0.983;1.0417;1.5201
2013-03-24;1.2818;0.983;1.0417;1.5201
2013-03-25;1.2818;0.983;1.0417;1.5201
2013-03-26;1.2818;0.983;1.0417;1.5201
2013-03-27;1.2818;0.983;1.0417;1.5201
2013-03-28;1.2818;0.983;1.0417;1.5201
2013-03-29;1.2818;0.983;1.0417;1.5201
2013-03-30;1.2818;0.983;1.0417;1.5201
2013-03-31;1.2818;0.983;1.0417;1.5201
2013-04-01;1.3166;0.9925;1.0369;1.5531000000000001
2013-04-02;1.3166;0.9925;1.0369;1.5531000000000001
2013-04-03;1.3166;0.9925;1.0369;1.5531000000000001
2013-04-04;1.3166;0.9925;1.0369;1.5531000000000001
2013-04-05;1.3166;0.9925;1.0369;1.5531000000000001
2013-04-06;1.3166;0.9925;1.0369;1.5531000000000001
2013-04-07;1.3166;0.9925;1.0369;1.5531000000000001
2013-04-08;1.3166;0.9925;1.0369;1.5531000000000001
2013-04-09;1.3166;0.9925;1.0369;1.5531000000000001
2013-04-10;1.3166;0.9925;1.0369;1.5531000000000001
2013-04-11;1.3166;0.9925;1.0369;1.5531000000000001
2013-04-12;1.3166;0.9925;1.0369;1.5531000000000001
2013-04-13;1.3166;0.9925;1.0369;1.5531000000000001
2013-04-14;1.3166;0.9925;1.0369;1.5531000000000001
2013-04-15;1.3166;0.9925;1.0369;1.5531000000000001
2013-04-16;1.3166;0.9925;1.0369;1.5531000000000001
2013-04-17;1.3166;0.9925;1.0369;1.5531000000000001
2013-04-18;1.3166;0.9925;1.0369;1.5531000000000001
2013-04-19;1.3166;0.9925;1.0369;1.5531000000000001
2013-04-20;1.3166;0.9925;1.0369;1.5531000000000001
2013-04-21;1.3166;0.9925;1.0369;1.5531000000000001
2013-04-22;1.3166;0.9925;1.0369;1.5531000000000001
2013-04-23;1.3166;0.9925;1.0369;1.5531000000000001
2013-04-24;1.3166;0.9925;1.0369;1.5531000000000001
2013-04-25;1.3166;0.9925;1.0369;1.5531000000000001
2013-04-26;1.3166;0.9925;1.0369;1.5531000000000001
2013-04-27;1.3166;0.9925;1.0369;1.5531000000000001
2013-04-28;1.3166;0.9925;1.0369;1.5531000000000001
2013-04-29;1.3166;0.9925;1.0369;1.5531000000000001
2013-04-30;1.3166;0.9925;1.0369;1.5531000000000001
2013-05-01;1.2995;0.9633;0.9570000000000001;1.5198
2013-05-02;1.2995;0.9633;0.9570000000000001;1.5198
2013-05-03;1.2995;0.9633;0.9570000000000001;1.5198
2013-05-04;1.2995;0.9633;0.9570000000000001;1.5198
2013-05-05;1.2995;0.9633;0.9570000000000001;1.5198
2013-05-06;1.2995;0.9633;0.9570000000000001;1.5198
2013-05-07;1.2995;0.9633;0.9570000000000001;1.5198
2013-05-08;1.2995;0.9633;0.9570000000000001;1.5198
2013-05-09;1.2995;0.9633;0.9570000000000001;1.5198
2013-05-10;1.2995;0.9633;0.9570000000000001;1.5198
2013-05-11;1.2995;0.9633;0.9570000000000001;1.5198
2013-05-12;1.2995;0.9633;0.9570000000000001;1.5198
2013-05-13;1.2995;0.9633;0.9570000000000001;1.5198
2013-05-14;1.2995;0.9633;0.9570000000000001;1.5198
2013-05-15;1.2995;0.9633;0.9570000000000001;1.5198
2013-05-16;1.2995;0.9633;0.9570000000000001;1.5198
2013-05-17;1.2995;0.9633;0.9570000000000001;1.5198
2013-05-18;1.2995;0.9633;0.9570000000000001;1.5198
2013-05-19;1.2995;0.9633;0.9570000000000001;1.5198
2013-05-20;1.2995;0.9633;0.9570000000000001;1.5198
2013-05-21;1.2995;0.9633;0.9570000000000001;1.5198
2013-05-22;1.2995;0.9633;0.9570000000000001;1.5198
2013-05-23;1.2995;0.9633;0.9570000000000001;1.5198
2013-05-24;1.2995;0.9633;0.9570000000000001;1.5198
2013-05-25;1.2995;0.9633;0.9570000000000001;1.5198
2013-05-26;1.2995;0.9633;0.9570000000000001;1.5198
2013-05-27;1.2995;0.9633;0.9570000000000001;1.5198
2013-05-28;1.2995;0.9633;0.9570000000000001;1.5198
2013-05-29;1.2995;0.9633;0.9570000000000001;1.5198
2013-05-30;1.2995;0.9633;0.9570000000000001;1.5198
2013-05-31;1.2995;0.9633;0.9570000000000001;1.5198
2013-06-01;1.3008;0.9505;0.9136000000000001;1.521
2013-06-02;1.3008;0.9505;0.9136000000000001;1.521
2013-06-03;1.3008;0.9505;0.9136000000000001;1.521
2013-06-04;1.3008;0.9505;0.9136000000000001;1.521
2013-06-05;1.3008;0.9505;0.9136000000000001;1.521
2013-06-06;1.3008;0.9505;0.9136000000000001;1.521
2013-06-07;1.3008;0.9505;0.9136000000000001;1.521
2013-06-08;1.3008;0.9505;0.9136000000000001;1.521
2013-06-09;1.3008;0.9505;0.9136000000000001;1.521
2013-06-10;1.3008;0.9505;0.9136000000000001;1.521
2013-06-11;1.3008;0.9505;0.9136000000000001;1.521
2013-06-12;1.3008;0.9505;0.9136000000000001;1.521
2013-06-13;1.3008;0.9505;0.9136000000000001;1.521
2013-06-14;1.3008;0.9505;0.9136000000000001;1.521
2013-06-15;1.3008;0.9505;0.9136000000000001;1.521
2013-06-16;1.3008;0.9505;0.9136000000000001;1.521
2013-06-17;1.3008;0.9505;0.9136000000000001;1.521
2013-06-18;1.3008;0.9505;0.9136000000000001;1.521
2013-06-19;1.3008;0.9505;0.9136000000000001;1.521
2013-06-20;1.3008;0.9505;0.9136000000000001;1.521
2013-06-21;1.3008;0.9505;0.9136000000000001;1.521
2013-06-22;1.3008;0.9505;0.9136000000000001;1.521
2013-06-23;1.3008;0.9505;0.9136000000000001;1.521
2013-06-24;1.3008;0.9505;0.9136000000000001;1.521
2013-06-25;1.3008;0.9505;0.9136000000000001;1.521
2013-06-26;1.3008;0.9505;0.9136000000000001;1.521
2013-06-27;1.3008;0.9505;0.9136000000000001;1.521
2013-06-28;1.3008;0.9505;0.9136000000000001;1.521
2013-06-29;1.3008;0.9505;0.9136000000000001;1.521
2013-06-30;1.3008;0.9505;0.9136000000000001;1.521
2013-07-01;1.33;0.9729000000000001;0.898;1.5206
2013-07-02;1.33;0.9729000000000001;0.898;1.5206
2013-07-03;1.33;0.9729000000000001;0.898;1.5206
2013-07-04;1.33;0.9729000000000001;0.898;1.5206
2013-07-05;1.33;0.9729000000000001;0.898;1.5206
2013-07-06;1.33;0.9729000000000001;0.898;1.5206
2013-07-07;1.33;0.9729000000000001;0.898;1.5206
2013-07-08;1.33;0.9729000000000001;0.898;1.5206
2013-07-09;1.33;0.9729000000000001;0.898;1.5206
2013-07-10;1.33;0.9729000000000001;0.898;1.5206
2013-07-11;1.33;0.9729000000000001;0.898;1.5206
2013-07-12;1.33;0.9729000000000001;0.898;1.5206
2013-07-13;1.33;0.9729000000000001;0.898;1.5206
2013-07-14;1.33;0.9729000000000001;0.898;1.5206
2013-07-15;1.33;0.9729000000000001;0.898;1.5206
2013-07-16;1.33;0.9729000000000001;0.898;1.5206
2013-07-17;1.33;0.9729000000000001;0.898;1.5206
2013-07-18;1.33;0.9729000000000001;0.898;1.5206
2013-07-19;1.33;0.9729000000000001;0.898;1.5206
2013-07-20;1.33;0.9729000000000001;0.898;1.5206
2013-07-21;1.33;0.9729000000000001;0.898;1.5206
2013-07-22;1.33;0.9729000000000001;0.898;1.5206
2013-07-23;1.33;0.9729000000000001;0.898;1.5206
2013-07-24;1.33;0.9729000000000001;0.898;1.5206
2013-07-25;1.33;0.9729000000000001;0.898;1.5206
2013-07-26;1.33;0.9729000000000001;0.898;1.5206
2013-07-27;1.33;0.9729000000000001;0.898;1.5206
2013-07-28;1.33;0.9729000000000001;0.898;1.5206
2013-07-29;1.33;0.9729000000000001;0.898;1.5206
2013-07-30;1.33;0.9729000000000001;0.898;1.5206
2013-07-31;1.33;0.9729000000000001;0.898;1.5206
2013-08-01;1.322;0.9487000000000001;0.8896000000000001;1.5508000000000002
2013-08-02;1.322;0.9487000000000001;0.8896000000000001;1.5508000000000002
2013-08-03;1.322;0.9487000000000001;0.8896000000000001;1.5508000000000002
2013-08-04;1.322;0.9487000000000001;0.8896000000000001;1.5508000000000002
2013-08-05;1.322;0.9487000000000001;0.8896000000000001;1.5508000000000002
2013-08-06;1.322;0.9487000000000001;0.8896000000000001;1.5508000000000002
2013-08-07;1.322;0.9487000000000001;0.8896000000000001;1.5508000000000002
2013-08-08;1.322;0.9487000000000001;0.8896000000000001;1.5508000000000002
2013-08-09;1.322;0.9487000000000001;0.8896000000000001;1.5508000000000002
2013-08-10;1.322;0.9487000000000001;0.8896000000000001;1.5508000000000002
2013-08-11;1.322;0.9487000000000001;0.8896000000000001;1.5508000000000002
2013-08-12;1.322;0.9487000000000001;0.8896000000000001;1.5508000000000002
2013-08-13;1.322;0.9487000000000001;0.8896000000000001;1.5508000000000002
2013-08-14;1.322;0.9487000000000001;0.8896000000000001;1.5508000000000002
2013-08-15;1.322;0.9487000000000001;0.8896000000000001;1.5508000000000002
2013-08-16;1.322;0.9487000000000001;0.8896000000000001;1.5508000000000002
2013-08-17;1.322;0.9487000000000001;0.8896000000000001;1.5508000000000002
2013-08-18;1.322;0.9487000000000001;0.8896000000000001;1.5508000000000002
2013-08-19;1.322;0.9487000000000001;0.8896000000000001;1.5508000000000002
2013-08-20;1.322;0.9487000000000001;0.8896000000000001;1.5508000000000002
2013-08-21;1.322;0.9487000000000001;0.8896000000000001;1.5508000000000002
2013-08-22;1.322;0.9487000000000001;0.8896000000000001;1.5508000000000002
2013-08-23;1.322;0.9487000000000001;0.8896000000000001;1.5508000000000002
2013-08-24;1.322;0.9487000000000001;0.8896000000000001;1.5508000000000002
2013-08-25;1.322;0.9487000000000001;0.8896000000000001;1.5508000000000002
2013-08-26;1.322;0.9487000000000001;0.8896000000000001;1.5508000000000002
2013-08-27;1.322;0.9487000000000001;0.8896000000000001;1.5508000000000002
2013-08-28;1.322;0.9487000000000001;0.8896000000000001;1.5508000000000002
2013-08-29;1.322;0.9487000000000001;0.8896000000000001;1.5508000000000002
2013-08-30;1.322;0.9487000000000001;0.8896000000000001;1.5508000000000002
2013-08-31;1.322;0.9487000000000001;0.8896000000000001;1.5508000000000002
2013-09-01;1.3524;0.9698;0.9312;1.6184
2013-09-02;1.3524;0.9698;0.9312;1.6184
2013-09-03;1.3524;0.9698;0.9312;1.6184
2013-09-04;1.3524;0.9698;0.9312;1.6184
2013-09-05;1.3524;0.9698;0.9312;1.6184
2013-09-06;1.3524;0.9698;0.9312;1.6184
2013-09-07;1.3524;0.9698;0.9312;1.6184
2013-09-08;1.3524;0.9698;0.9312;1.6184
2013-09-09;1.3524;0.9698;0.9312;1.6184
2013-09-10;1.3524;0.9698;0.9312;1.6184
2013-09-11;1.3524;0.9698;0.9312;1.6184
2013-09-12;1.3524;0.9698;0.9312;1.6184
2013-09-13;1.3524;0.9698;0.9312;1.6184
2013-09-14;1.3524;0.9698;0.9312;1.6184
2013-09-15;1.3524;0.9698;0.9312;1.6184
2013-09-16;1.3524;0.9698;0.9312;1.6184
2013-09-17;1.3524;0.9698;0.9312;1.6184
2013-09-18;1.3524;0.9698;0.9312;1.6184
2013-09-19;1.3524;0.9698;0.9312;1.6184
2013-09-20;1.3524;0.9698;0.9312;1.6184
2013-09-21;1.3524;0.9698;0.9312;1.6184
2013-09-22;1.3524;0.9698;0.9312;1.6184
2013-09-23;1.3524;0.9698;0.9312;1.6184
2013-09-24;1.3524;0.9698;0.9312;1.6184
2013-09-25;1.3524;0.9698;0.9312;1.6184
2013-09-26;1.3524;0.9698;0.9312;1.6184
2013-09-27;1.3524;0.9698;0.9312;1.6184
2013-09-28;1.3524;0.9698;0.9312;1.6184
2013-09-29;1.3524;0.9698;0.9312;1.6184
2013-09-30;1.3524;0.9698;0.9312;1.6184
2013-10-01;1.3582;0.9585;0.9458000000000001;1.604
2013-10-02;1.3582;0.9585;0.9458000000000001;1.604
2013-10-03;1.3582;0.9585;0.9458000000000001;1.604
2013-10-04;1.3582;0.9585;0.9458000000000001;1.604
2013-10-05;1.3582;0.9585;0.9458000000000001;1.604
2013-10-06;1.3582;0.9585;0.9458000000000001;1.604
2013-10-07;1.3582;0.9585;0.9458000000000001;1.604
2013-10-08;1.3582;0.9585;0.9458000000000001;1.604
2013-10-09;1.3582;0.9585;0.9458000000000001;1.604
2013-10-10;1.3582;0.9585;0.9458000000000001;1.604
2013-10-11;1.3582;0.9585;0.9458000000000001;1.604
2013-10-12;1.3582;0.9585;0.9458000000000001;1.604
2013-10-13;1.3582;0.9585;0.9458000000000001;1.604
2013-10-14;1.3582;0.9585;0.9458000000000001;1.604
2013-10-15;1.3582;0.9585;0.9458000000000001;1.604
2013-10-16;1.3582;0.9585;0.9458000000000001;1.604
2013-10-17;1.3582;0.9585;0.9458000000000001;1.604
2013-10-18;1.3582;0.9585;0.9458000000000001;1.604
2013-10-19;1.3582;0.9585;0.9458000000000001;1.604
2013-10-20;1.3582;0.9585;0.9458000000000001;1.604
2013-10-21;1.3582;0.9585;0.9458000000000001;1.604
2013-10-22;1.3582;0.9585;0.9458000000000001;1.604
2013-10-23;1.3582;0.9585;0.9458000000000001;1.604
2013-10-24;1.3582;0.9585;0.9458000000000001;1.604
2013-10-25;1.3582;0.9585;0.9458000000000001;1.604
2013-10-26;1.3582;0.9585;0.9458000000000001;1.604
2013-10-27;1.3582;0.9585;0.9458000000000001;1.604
2013-10-28;1.3582;0.9585;0.9458000000000001;1.604
2013-10-29;1.3582;0.9585;0.9458000000000001;1.604
2013-10-30;1.3582;0.9585;0.9458000000000001;1.604
2013-10-31;1.3582;0.9585;0.9458000000000001;1.604
2013-11-01;1.3589;0.9419000000000001;0.911;1.6365
2013-11-02;1.3589;0.9419000000000001;0.911;1.6365
2013-11-03;1.3589;0.9419000000000001;0.911;1.6365
2013-11-04;1.3589;0.9419000000000001;0.911;1.6365
2013-11-05;1.3589;0.9419000000000001;0.911;1.6365
2013-11-06;1.3589;0.9419000000000001;0.911;1.6365
2013-11-07;1.3589;0.9419000000000001;0.911;1.6365
2013-11-08;1.3589;0.9419000000000001;0.911;1.6365
2013-11-09;1.3589;0.9419000000000001;0.911;1.6365
2013-11-10;1.3589;0.9419000000000001;0.911;1.6365
2013-11-11;1.3589;0.9419000000000001;0.911;1.6365
2013-11-12;1.3589;0.9419000000000001;0.911;1.6365
2013-11-13;1.3589;0.9419000000000001;0.911;1.6365
2013-11-14;1.3589;0.9419000000000001;0.911;1.6365
2013-11-15;1.3589;0.9419000000000001;0.911;1.6365
2013-11-16;1.3589;0.9419000000000001;0.911;1.6365
2013-11-17;1.3589;0.9419000000000001;0.911;1.6365
2013-11-18;1.3589;0.9419000000000001;0.911;1.6365
2013-11-19;1.3589;0.9419000000000001;0.911;1.6365
2013-11-20;1.3589;0.9419000000000001;0.911;1.6365
2013-11-21;1.3589;0.9419000000000001;0.911;1.6365
2013-11-22;1.3589;0.9419000000000001;0.911;1.6365
2013-11-23;1.3589;0.9419000000000001;0.911;1.6365
2013-11-24;1.3589;0.9419000000000001;0.911;1.6365
2013-11-25;1.3589;0.9419000000000001;0.911;1.6365
2013-11-26;1.3589;0.9419000000000001;0.911;1.6365
2013-11-27;1.3589;0.9419000000000001;0.911;1.6365
2013-11-28;1.3589;0.9419000000000001;0.911;1.6365
2013-11-29;1.3589;0.9419000000000001;0.911;1.6365
2013-11-30;1.3589;0.9419000000000001;0.911;1.6365
2013-12-01;1.3745;0.9413;0.8913000000000001;1.6556000000000002
2013-12-02;1.3745;0.9413;0.8913000000000001;1.6556000000000002
2013-12-03;1.3745;0.9413;0.8913000000000001;1.6556000000000002
2013-12-04;1.3745;0.9413;0.8913000000000001;1.6556000000000002
2013-12-05;1.3745;0.9413;0.8913000000000001;1.6556000000000002
2013-12-06;1.3745;0.9413;0.8913000000000001;1.6556000000000002
2013-12-07;1.3745;0.9413;0.8913000000000001;1.6556000000000002
2013-12-08;1.3745;0.9413;0.8913000000000001;1.6556000000000002
2013-12-09;1.3745;0.9413;0.8913000000000001;1.6556000000000002
2013-12-10;1.3745;0.9413;0.8913000000000001;1.6556000000000002
2013-12-11;1.3745;0.9413;0.8913000000000001;1.6556000000000002
2013-12-12;1.3745;0.9413;0.8913000000000001;1.6556000000000002
2013-12-13;1.3745;0.9413;0.8913000000000001;1.6556000000000002
2013-12-14;1.3745;0.9413;0.8913000000000001;1.6556000000000002
2013-12-15;1.3745;0.9413;0.8913000000000001;1.6556000000000002
2013-12-16;1.3745;0.9413;0.8913000000000001;1.6556000000000002
2013-12-17;1.3745;0.9413;0.8913000000000001;1.6556000000000002
2013-12-18;1.3745;0.9413;0.8913000000000001;1.6556000000000002
2013-12-19;1.3745;0.9413;0.8913000000000001;1.6556000000000002
2013-12-20;1.3745;0.9413;0.8913000000000001;1.6556000000000002
2013-12-21;1.3745;0.9413;0.8913000000000001;1.6556000000000002
2013-12-22;1.3745;0.9413;0.8913000000000001;1.6556000000000002
2013-12-23;1.3745;0.9413;0.8913000000000001;1.6556000000000002
2013-12-24;1.3745;0.9413;0.8913000000000001;1.6556000000000002
2013-12-25;1.3745;0.9413;0.8913000000000001;1.6556000000000002
2013-12-26;1.3745;0.9413;0.8913000000000001;1.6556000000000002
2013-12-27;1.3745;0.9413;0.8913000000000001;1.6556000000000002
2013-12-28;1.3745;0.9413;0.8913000000000001;1.6556000000000002
2013-12-29;1.3745;0.9413;0.8913000000000001;1.6556000000000002
2013-12-30;1.3745;0.9413;0.8913000000000001;1.6556000000000002
2013-12-31;1.3745;0.9413;0.8913000000000001;1.6556000000000002
2014-01-01;1.3485;0.8983000000000001;0.8753000000000001;1.6432
2014-01-02;1.3485;0.8983000000000001;0.8753000000000001;1.6432
2014-01-03;1.3485;0.8983000000000001;0.8753000000000001;1.6432
2014-01-04;1.3485;0.8983000000000001;0.8753000000000001;1.6432
2014-01-05;1.3485;0.8983000000000001;0.8753000000000001;1.6432
2014-01-06;1.3485;0.8983000000000001;0.8753000000000001;1.6432
2014-01-07;1.3485;0.8983000000000001;0.8753000000000001;1.6432
2014-01-08;1.3485;0.8983000000000001;0.8753000000000001;1.6432
2014-01-09;1.3485;0.8983000000000001;0.8753000000000001;1.6432
2014-01-10;1.3485;0.8983000000000001;0.8753000000000001;1.6432
2014-01-11;1.3485;0.8983000000000001;0.8753000000000001;1.6432
2014-01-12;1.3485;0.8983000000000001;0.8753000000000001;1.6432
2014-01-13;1.3485;0.8983000000000001;0.8753000000000001;1.6432
2014-01-14;1.3485;0.8983000000000001;0.8753000000000001;1.6432
2014-01-15;1.3485;0.8983000000000001;0.8753000000000001;1.6432
2014-01-16;1.3485;0.8983000000000001;0.8753000000000001;1.6432
2014-01-17;1.3485;0.8983000000000001;0.8753000000000001;1.6432
2014-01-18;1.3485;0.8983000000000001;0.8753000000000001;1.6432
2014-01-19;1.3485;0.8983000000000001;0.8753000000000001;1.6432
2014-01-20;1.3485;0.8983000000000001;0.8753000000000001;1.6432
2014-01-21;1.3485;0.8983000000000001;0.8753000000000001;1.6432
2014-01-22;1.3485;0.8983000000000001;0.8753000000000001;1.6432
2014-01-23;1.3485;0.8983000000000001;0.8753000000000001;1.6432
2014-01-24;1.3485;0.8983000000000001;0.8753000000000001;1.6432
2014-01-25;1.3485;0.8983000000000001;0.8753000000000001;1.6432
2014-01-26;1.3485;0.8983000000000001;0.8753000000000001;1.6432
2014-01-27;1.3485;0.8983000000000001;0.8753000000000001;1.6432
2014-01-28;1.3485;0.8983000000000001;0.8753000000000001;1.6432
2014-01-29;1.3485;0.8983000000000001;0.8753000000000001;1.6432
2014-01-30;1.3485;0.8983000000000001;0.8753000000000001;1.6432
2014-01-31;1.3485;0.8983000000000001;0.8753000000000001;1.6432
