"CountryCode","Population","PDR","PGR","CO2PC","MFPC","GDPG","GNIPC","FGNIPC","MGNIPC","FLFPR","MLFPR","PDGDP","EYS","FEYS","MEYS","FSSE","MSSE","CHEGDP","CHEPCUSD","LE","FLE","MLE","MMR","TBR"
"afg",40374668,61,2.33,0.3123765,1.38,NULL,1824.1909,532.9554,3089.2705,14848,66515,0,2.98507,2.31108,3.40131,6.39573,14.86571,15.534,80.288,61.982,65.279,58.915,638,82.565
"ago",34566172,27,3.25,0.67540973,2.18,0.7,5465.6177,4751.373,6196.6504,73968,79071,86411,5.417391,4.1838756,6.8942685,28.1639,51.54617,2.912,50.743,61.643,64.307,59.029,241,138.402
"alb",2869700,100,-0.17,1.5757539,12.96,8.544084,14131.11,11637.216,16629.902,50733,66154,73853,11.286455,11.684433,10.920695,95.387505,93.038414,NULL,NULL,76.463,79.173,74.087,15,14.517
"and",77355,165,0.12,6.0349445,NULL,8.949418,51166.625,NULL,NULL,NULL,NULL,48507,10.5551195,10.481139,10.627977,70.665855,72.4221,NULL,NULL,80.368,84.324,77.172,NULL,5.887
"are",10051436,120,1.02,15.193336,68.95,NULL,62573.594,28921.145,77317.68,46542,88003,34739,12.69403,12.52534,12.80508,81.997,85.59674,5.672,2191.814,78.71,80.937,77.216,3,3.085
"arg",45847428,16,0.91,3.4732916,15.81,10.263761,20925.268,15580.716,26376.426,5001,71603,80932,11.147269,11.353645,10.906023,70.9514,71.416794,NULL,NULL,75.39,78.647,72.182,39,39.065
"arm",2970929,100,0.16,1.9877883,5.95,5.7,13157.994,8736.264,18557.947,42663,63004,60248,11.3303,11.32152,11.34119,96.00138,97.05096,NULL,NULL,72.043,77.35,66.554,26,18.511
"atg",99162,223,0.82,4.395123,NULL,5.2708488,16792.365,NULL,NULL,NULL,NULL,101373,9.29374,NULL,NULL,NULL,NULL,NULL,NULL,78.497,80.941,75.775,42,33.11
"aus",25959987,3,1.13,15.36838,46.82,1.4751629,49238.434,37485.59,61160.79,61057,70547,58378,12.72682,12.81059,12.63971,94.58006,94.43007,NULL,NULL,84.526,85.84,83.172,6,8.096
"aut",9065484,108,0.41,6.732425,24.62,4.483969,53618.67,43413.887,64148.49,55514,66283,82878,12.25669,11.97801,12.55374,100,100,NULL,NULL,81.58,84.084,79.043,5,5.521
"aze",10272912,118,0.83,3.7202723,10.56,5.600037,14256.744,10536.016,18075.832,60366,67342,26447,10.54297,10.20912,10.90131,93.62274,97.5649,NULL,NULL,69.366,73.287,65.646,26,40.079
"bdi",12469663,440,3.07,0.050642584,1.71,1.7953,731.7867,667.52075,796.9565,78991,77379,66565,3.129267,2.491789,3.8518007,7.7999105,13.046886,NULL,NULL,61.663,63.609,59.711,548,53.621
"bel",11658404,381,0.37,7.226206,33.45,6.244722,52293.4,42532.934,62295.082,49842,58812,108395,12.37568,12.3194,12.43481,87.21032,89.70521,NULL,NULL,81.879,84.296,79.434,5,5.33
"ben",12644580,111,2.7,0.5528903,3.4,6.600001,3408.9658,2997.7056,3818.803,69334,72599,49937,4.3047867,3.3151975,5.445054,21.06532,34.435173,NULL,NULL,59.821,61.445,58.221,397,92.259
"bfa",21847968,79,2.84,0.18990327,2.96,6.9063416,2117.916,1659.2349,2579.9,57237,72725,52369,2.1149623,1.5833011,2.704234,11.288436,17.119722,NULL,NULL,59.27,60.99,57.474,320,110.509
"bgd",167247491,1127,0.98,0.56373763,2.88,6.938675,5472.105,2811.2434,8176.0503,34869,78782,35547,7.37906,6.75538,8.02081,50.61271,58.54696,NULL,NULL,72.381,74.267,70.599,173,75.496
"bgr",6866274,62,-0.75,5.388846,15.02,4.1778736,23078.955,18109.389,28356.814,49143,62636,23831,11.41318,11.50781,11.30866,94.88394,96.54079,NULL,NULL,71.798,75.482,68.435,10,38.605
"bhr",1775452,2285,2.75,20.54573,23.83,2.2253513,39497.246,16786.174,53359.496,42361,83531,128504,11.04659,10.78437,11.17326,79.90357,83.08016,NULL,NULL,78.76,80.018,77.757,14,8.676
"bhs",399068,28,0.93,5.9446554,37.8,13.719735,30486.184,25896.984,35495.426,65627,71486,103309,12.641924,12.741425,12.556537,86.99974,89.931656,NULL,NULL,71.598,75.096,68.121,70,25.686
"bih",3251612,64,-0.53,6.528248,14.44,7.1022387,15241.915,10709.285,19917.006,32257,52351,35433,10.53632,9.77819,11.35263,82.73859,94.02472,NULL,NULL,75.3,77.53,73.108,10,9.86
"blr",9438767,45,-0.07,6.0793138,5.59,2.5067422,18848.967,15158.323,23165.021,57311,71387,41181,12.14358,12.1546,12.12978,97.47854,99.02928,NULL,NULL,72.438,77.697,67.298,2,11.85
"blz",409224,18,1.83,1.4656664,12.21,9.753163,6309.0996,4248.5435,8344.773,46897,76752,8221,8.8476,9.04207,8.65289,54.48729,49.83902,NULL,NULL,70.47,74.332,67.119,36,57.127
"bol",11927124,11,1.37,1.7733198,11.32,6.105804,8111.1904,6855.905,9358.681,68283,83765,80476,9.82775,9.21673,10.49209,60.10497,69.68731,7.857,241.118,63.63,66.8,60.879,155,63.792
"bra",214832901,25,0.67,2.198837,18.87,4.6194215,14369.889,10903.075,17959.965,4911,6824,93013,8.128814,8.333614,7.894244,62.448757,59.095768,NULL,NULL,72.75,76.009,69.56,60,45.2
"brb",287927,669,0.12,3.7814703,NULL,1.4,12306.341,10235.214,14554.614,56055,63727,135398,9.8527,10.282483,9.088874,95.38591,86.00105,NULL,NULL,77.571,79.359,75.629,27,42.297
"brn",443903,77,0.93,23.220543,85.7,-1.6055452,64489.54,47578.758,80260.78,54069,72339,2514,9.18,9.162,9.198,70.44,71.2,NULL,NULL,74.642,76.881,72.602,31,9.978
"btn",784855,20,1.07,2.4953084,32.43,NULL,9437.542,6670.576,11896.33,51625,67397,132419,5.1702623,4.450652,5.7612047,23.56883,32.31014,NULL,NULL,71.815,73.773,70.141,183,18.977
"bwa",2423535,4,1.94,2.7720807,14.19,11.364137,16198.318,13839.157,18618.322,56282,65148,19528,10.34,10.274,10.398,91.28,91.78,NULL,NULL,61.141,63.594,58.691,144,49.324
"caf",4971922,8,1.87,0.038906638,1.57,0.90000004,966.0586,769.84283,1162.3173,63312,79486,47613,4.334,3.108,5.594,13.94,31.56,NULL,NULL,53.895,56.304,51.646,829,160.507
"can",38261228,4,0.86,14.196938,35.05,4.562894,46807.984,38651.81,55065.254,60801,69741,112854,13.834427,13.914979,13.747854,100,100,NULL,NULL,82.656,84.671,80.621,10,6.978
"che",8752564,211,0.7,3.7319133,31.14,3.6921527,66933.01,54596.875,79450.51,61728,72705,42074,13.85966,13.48301,14.24829,96.85867,97.53342,NULL,NULL,83.987,85.896,81.995,5,2.212
"chl",19275294,25,0.5,4.246215,13.5,11.668224,24563.244,17552.93,31677.277,44172,65547,36291,10.934966,10.841318,11.046242,80.28493,83.47512,NULL,NULL,78.944,81.437,76.472,13,24.082
"chn",1447065329,149,0.34,7.4117355,21.96,8.109793,17504.4,13979.689,20882.867,61612,7429,7148,7.6001186,7.334608,7.861852,78.281944,85.3544,NULL,NULL,78.211,81.155,75.463,29,11.048
"civ",27451054,84,2.56,0.3817801,3.26,7.021502,5217.4487,3763.003,6642.844,4592,64893,52136,5.199139,4.6767216,5.712839,23.879713,32.162376,NULL,NULL,58.598,59.941,57.4,617,104.968
"cmr",27624492,57,2.56,0.25952443,2.13,3.4865992,3620.9324,2981.386,4263.787,70154,80747,45536,6.15131,4.81709,7.50058,36.84197,54.958412,NULL,NULL,60.333,62.018,58.69,529,110.378
"cod",86790567,37,2.3,0.027660353,2.75,5.7122035,1076.0988,896.3529,1258.6572,61209,69065,16104,7.0186963,5.5962615,8.455106,40.275806,69.115746,4.468,80.808,59.193,61.521,56.953,473,108.962
"cog",5956000,17,2.6,0.5648334,1.88,-3.5,2889.2834,2532.153,3247.2642,65062,67605,103639,6.166,5.59,6.762,47.98,51.98,NULL,NULL,63.519,64.935,62.124,378,103.633
"col",51504213,45,0.75,1.751176,9.09,10.5632925,14384.356,10280.756,18598.732,52182,77998,64601,8.86286,9.01633,8.69707,58.85783,56.54455,NULL,NULL,72.83,76.442,69.404,83,59.034
"com",899658,477,2.17,0.29721677,NULL,2.3478036,3142.0642,2013.5804,4260.2104,32119,54534,25999,5.078649,3.9533114,6.031009,NULL,NULL,NULL,NULL,63.417,65.827,61.245,273,58.173
"cpv",565346,139,1.06,0.9891059,NULL,6.952449,6230.2,4681.792,7795.748,4691,61705,142298,6.2877192,6.025999,6.573896,28.775879,31.237026,6.02,176.024,74.052,78.457,69.589,58,55.228
"cri",5165346,101,0.88,1.5522609,14.43,7.5795655,19974.273,16567.934,23375.957,47527,71142,68192,8.80406,8.89239,8.70225,56.23606,54.53149,NULL,NULL,77.023,79.811,74.418,27,37.148
"cub",11312548,103,-0.08,1.7791986,9.19,NULL,7878.8477,5103.3486,10693.008,40285,68454,NULL,12.497734,12.593686,12.4017,89.50523,91.93527,NULL,NULL,73.683,76.358,71.245,36,48.82
"cyp",1220541,131,0.68,5.380504,36.58,5.5126853,38188.42,30616.521,45734.55,56648,68766,10356,12.44017,12.41041,12.47198,81.13751,84.81718,NULL,NULL,81.203,83.204,79.209,6,6.827
"cze",10732960,136,0.15,8.215039,21.3,3.342653,38745.215,30454.506,47288.81,51668,68064,42017,12.86931,12.71215,13.03566,99.83694,99.78072,9.24,2119.849,77.728,80.888,74.666,3,9.709
"deu",83975691,235,0.14,7.6901417,19.4,2.8926024,54534.22,46149.953,63142.7,56843,66041,69642,14.090967,13.840535,14.349437,96.07322,96.46214,NULL,NULL,80.63,83.222,78.081,7,7.465
"dji",1010377,43,1.44,0.35572875,15.86,4.3096614,5024.994,2178.9587,7911.3506,17218,44147,45953,4.1,NULL,NULL,NULL,NULL,NULL,NULL,62.305,65.019,59.728,248,22.722
"dma",72167,96,0.25,1.9344039,NULL,6.5357466,11487.624,NULL,NULL,NULL,NULL,102652,8.142186,NULL,NULL,NULL,NULL,NULL,NULL,72.814,76.301,69.725,NULL,38.49
"dnk",5825798,135,0.36,4.5224423,25.86,4.693433,60364.785,49876.266,70961.09,57721,66653,3663,12.96049,13.15695,12.76415,95.06726,95.2381,NULL,NULL,81.375,83.276,79.485,4,1.908
"dom",11015774,225,0.98,2.5598755,9.54,12.27199,17989.6,13695.312,22248.06,49577,75162,63064,9.306864,9.607207,8.988241,77.42735,76.94312,NULL,NULL,72.615,76.291,69.298,95,65.629
"dza",45061896,19,1.75,3.534591,11.21,3.8477936,10800.226,3549.9968,17787.312,15684,6448,62987,8.069284,7.73566,8.438412,46.043976,56.927605,NULL,NULL,76.377,77.959,74.879,112,11.714
"ecu",18033738,65,1.39,1.7531998,7.74,4.2352514,10311.633,7450.796,13180.218,53344,76519,62236,8.81712,8.80006,8.83627,53.01759,52.00579,NULL,NULL,73.67,77.462,70.26,59,63.163
"egy",105390688,104,1.88,2.0858743,8.22,3.3267422,11731.69,3536.0652,19740.684,15385,67088,89196,9.573026,9.802208,9.42036,81.57428,76.60529,NULL,NULL,70.221,72.608,67.935,37,44.767
"eri",3633796,31,1.55,0.20367858,3.47,NULL,1728.7427,1387.3176,2079.4653,70183,83622,17625,4.887235,NULL,NULL,NULL,NULL,NULL,NULL,66.536,68.655,64.35,480,64.356
"esp",46736811,92,-0.02,4.468313,13.48,5.129455,38353.6,31212.637,45784.08,52654,62412,11855,10.6054,10.52787,10.68845,78.53473,83.1628,NULL,NULL,83.01,85.774,80.209,4,6.281
"est",1324323,29,-0.1,7.8794756,37.53,8.349454,38048.266,30995.404,45866.207,57453,70169,17602,13.54843,13.78102,13.27297,97.55341,98.14327,NULL,NULL,77.144,81.231,72.815,9,8.764
"eth",119590501,107,2.53,0.12756039,0.47,5.637303,2361.0696,1943.5756,2774.393,72335,84683,5295,3.2015207,2.1618454,4.2384486,9.137026,20.108875,NULL,NULL,64.975,68.285,61.91,401,69.221
"fin",5553102,16,0.14,7.090703,36.73,3.4745471,49452.168,41697.5,57393.797,5646,64029,66186,12.87362,13.04684,12.69113,98.986244,98.45397,NULL,NULL,82.038,84.718,79.346,3,4.159
"fji",906570,49,0.72,1.5543619,NULL,-4.0814247,9980.111,5664.187,14270.368,37701,75257,82985,10.921548,11.001941,10.840565,90.215576,87.8915,NULL,NULL,67.114,68.877,65.426,34,26.843
"fra",65520147,119,0.23,4.238073,17.1,6.9635706,45937.05,38403.473,53987.676,51897,59675,112577,11.61006,11.43722,11.80277,83.53661,87.89122,NULL,NULL,82.499,85.485,79.425,8,9.529
"fsm",116901,166,1.07,1.2823522,NULL,-3.18821,3696.1738,NULL,NULL,NULL,NULL,15001,7.804956,NULL,NULL,NULL,NULL,NULL,NULL,70.71,74.608,67.12,88,35.835
"gab",2310507,9,2.39,1.9311383,9.15,1.5053594,13366.935,9375.8955,17211.895,39117,57012,65771,9.436,7.8436766,10.497617,67.20823,83.98536,NULL,NULL,65.821,68.494,63.488,252,91.176
"gbr",68401087,281,0.47,4.854887,17.85,7.441273,45224.766,37374.45,53264.938,58044,67091,95348,13.40612,13.45,13.36057,99.80037,99.80491,11.978,4926.631,80.742,82.772,78.717,7,10.541
"geo",3973946,57,-0.24,2.4987924,10.35,10.358943,14664.168,11284.665,18472.482,50995,6803,49495,12.82222,12.86532,12.7704,97.14544,98.28538,NULL,NULL,71.694,76.681,66.803,25,31.654
"gha",32120718,133,2.12,0.51495934,3.92,5.3564777,5744.504,4723.2886,6770.8306,64527,72234,82124,8.329886,7.7799945,8.969073,57.980278,73.21096,NULL,NULL,63.795,66.014,61.63,308,64.176
"gin",13709966,55,2.78,0.25843698,4.77,3.12323,2480.8872,2320.3816,2645.2366,62061,62188,42543,2.202126,1.2928435,3.2485638,7.151153,19.662771,NULL,NULL,58.892,60.098,57.595,576,114.829
"gmb",2528326,233,2.91,0.2068592,3.77,5.626499,2172.2078,1648.847,2701.0198,48917,66259,83777,4.6374874,3.8412097,5.635258,29.915367,43.194782,NULL,NULL,62.083,63.529,60.656,597,63.188
"gnb",2043512,56,2.41,0.14571638,NULL,3.8000023,1908.2416,1561.4238,2264.0225,63868,78373,78522,3.583719,2.410659,4.939155,9.798909,22.795382,NULL,NULL,59.652,61.796,57.392,667,87.537
"gnq",1477483,52,3.34,7.3167567,15.89,-0.9453919,12073.96,8351.083,15398.905,49926,58483,42805,5.910863,4.1945486,7.6271973,NULL,NULL,NULL,NULL,60.594,62.726,58.781,301,139.706
"grc",10340571,79,-0.5,5.0114965,15.17,8.3361025,29002.486,22889.793,35367.95,43297,58108,199402,11.40853,11.09686,11.74694,69.86016,77.78989,NULL,NULL,80.111,82.852,77.492,3,8.479
"grd",113237,329,0.44,2.6201754,NULL,5.316325,13483.577,NULL,NULL,NULL,NULL,70329,9.032104,NULL,NULL,NULL,NULL,NULL,NULL,74.936,77.898,72.212,25,32.72
"gtm",18446417,168,1.87,1.0570639,7.24,7.527629,8723.285,4909.0996,12613.844,37363,80268,30775,5.6813,5.23528,6.23799,29.4546,35.83336,NULL,NULL,69.237,72.651,66.005,95,64.054
"guy",792481,4,0.48,2.8131642,NULL,19.927229,22464.658,14734.62,30534.346,40304,64097,42898,8.617477,8.72292,8.489497,69.52816,62.232613,NULL,NULL,65.673,69.104,62.481,169,66.556
"hnd",10156097,89,1.6,0.97526336,6.06,12.534096,5297.955,4271.1777,6304.3467,4233,7894,50229,7.08848,6.75691,7.43138,35.84705,44.83575,NULL,NULL,70.123,72.534,67.894,65,71.972
"hrv",4067642,72,-0.58,4.136637,17.06,10.448873,30132.29,23887.994,36712.79,45925,58751,79793,12.191084,11.937454,12.480165,96.978584,100,NULL,NULL,77.58,81.055,74.233,8,8.637
"hti",11623799,416,1.22,0.2560397,2.4,-1.79824,2847.5007,2408.2004,3294.6897,60686,6893,24226,5.554,4.552,6.768,27.94,40.96,NULL,NULL,63.192,66.119,60.399,480,52.545
"hun",9618215,104,-0.27,4.997282,15.27,7.0966125,32789.01,25908.87,40262.25,52064,6721,76759,12.24959,12.09699,12.42362,97.61314,98.82953,NULL,NULL,74.53,77.921,71.105,12,22.148
"idn",278037263,145,1.04,2.1552083,6.77,3.69124,11466.068,7905.9175,14975.813,53704,81668,41155,8.55651,8.20693,8.91211,51.00518,58.2128,NULL,NULL,67.57,69.744,65.533,177,33.929
"ind",1401310563,424,0.97,1.7694091,5.23,8.947963,6589.98,2277.2656,10632.933,19233,70092,84162,6.6551094,6.2515388,7.228794,41.82268,53.834705,NULL,NULL,67.24,68.886,65.756,133,17.234
"irl",5008554,71,0.91,6.753776,49.25,13.478658,76168.984,61104.492,91505.92,56526,68573,55327,11.582223,11.784554,11.367472,88.12758,85.95681,NULL,NULL,81.998,83.768,80.248,5,5.941
"irn",85627052,52,1.23,8.87021,13.16,NULL,13000.712,3767.3994,22040.709,14354,68086,42404,10.636453,10.618327,10.655044,71.593155,75.97091,5.336,573.404,73.875,76.808,71.246,16,30.155
"irq",41750703,94,2.38,5.2415724,11.87,2.7833354,9977.249,2184.125,17748.484,11078,71763,59079,7.9055934,7.248048,8.426082,42.036053,52.86166,NULL,NULL,70.378,72.422,68.2,79,62.192
"isl",344646,3,0.62,8.60384,59.61,3.6997924,55782.05,47135.914,64004.13,61671,70463,74598,13.76717,13.86953,13.67178,99.76842,99.66255,NULL,NULL,82.678,84.18,81.214,4,5.395
"isr",8868656,423,1.55,6.510389,30.76,8.188041,41523.742,34959.7,48125.887,58518,66075,67951,13.344867,13.383252,13.303546,91.55365,93.706085,NULL,NULL,82.255,84.295,80.154,3,7.614
"ita",60320493,200,-0.16,5.024911,11.85,6.6437902,42839.516,31099.865,55186.54,3989,57592,150859,10.74011,10.60561,10.88707,78.62726,86.09231,NULL,NULL,82.85,85.096,80.519,2,3.993
"jam",2980575,271,0.42,2.508977,9.95,4.6,8834.476,6982.2515,10715.47,56095,70003,92347,9.154629,9.744775,8.530893,74.33102,66.38198,NULL,NULL,70.5,72.543,68.469,80,32.764
"jor",10322902,115,0.65,2.4979973,7.03,2.2097647,9923.715,3778.065,15631.279,13469,62322,91899,10.44668,10.07158,10.8373,77.3787,84.21157,NULL,NULL,74.256,76.773,72.128,46,25.369
"jpn",125802521,334,-0.34,8.149939,18.18,1.6207955,42274.293,30620.807,54596.844,533,71031,262492,13.3661,13.305565,13.425656,95.86,92.72,NULL,NULL,84.784,87.731,81.802,5,2.903
"kaz",19123199,7,1.16,15.515815,34.41,4,23942.818,18976.348,29305.127,6327,75518,251,12.347562,12.377705,12.31333,99.82169,99.980095,NULL,NULL,69.362,73.081,65.476,10,21.877
"ken",55703607,95,2.26,0.3002736,4.62,7.5173554,4473.5703,3873.1912,5084.1675,70984,75564,67834,6.652,6.064,7.26,31.077805,37.667236,NULL,NULL,61.427,64.09,58.935,342,64.185
"kgz",6689349,33,1.6,1.7638651,7.82,3.6106126,4566.3037,2863.1912,6331.4873,42141,7167,61116,11.374105,11.602647,11.1337805,100,99.80193,NULL,NULL,69.977,74.352,65.8,60,34.697
"khm",17080063,94,1.36,0.9166596,5.7,3.0263894,4078.6973,3463.5085,4706.238,7396,85918,36273,5.088,4.366,5.882,18.32,31.7,NULL,NULL,69.584,72.291,66.819,160,45.453
"kir",122470,150,1.63,0.56992525,NULL,NULL,4062.586,NULL,NULL,NULL,NULL,17562,7.984462,NULL,NULL,NULL,NULL,NULL,NULL,67.417,69.096,65.504,92,40.477
"kna",53544,205,0.65,3.9857893,NULL,-1.0245787,23358.332,NULL,NULL,NULL,NULL,63389,8.662745,NULL,NULL,NULL,NULL,NULL,NULL,71.682,75.341,68.346,NULL,38.154
"kor",51331264,512,0.07,11.656224,22.01,4.0211587,44500.934,29299.893,59737.336,53391,72448,51331,12.51293,11.8602,13.176253,83.08194,93.09086,8.364,2642.414,83.698,86.76,80.386,11,2.211
"kwt",4366698,243,1.36,20.825108,65.32,NULL,52919.76,28085.58,68826.82,47428,83804,8681,7.3280225,8.123162,6.936462,60.904198,55.153614,NULL,NULL,78.673,81.463,77.192,12,5.638
"lao",7439920,31,1.43,4.652123,9.64,2.528351,7699.5796,6756.891,8627.132,74785,78093,9354,5.374,5.008,5.764,37.66,47.74,NULL,NULL,68.061,70.078,66.154,185,73.175
"lbn",6752766,648,-0.82,3.8047776,12.4,-10.519389,9525.831,3814.5225,15585.798,2075,64332,0,8.718636,8.4842,8.9158,54.313747,55.56183,NULL,NULL,75.047,77.251,72.847,29,20.306
"lbr",5252834,47,2.42,0.19949855,2.71,4.00001,1288.7423,1061.5485,1517.9637,69782,79717,53175,5.082,3.866,6.308,20.76,39.16,NULL,NULL,60.747,62.072,59.411,661,123.38
"lby",7007887,4,1.27,7.381523,16.08,31.372423,15335.712,9569.732,20960.076,34119,60969,NULL,7.599985,8.47,7.214,70.492096,45.05386,NULL,NULL,71.911,74.396,69.63,72,6.93
"lca",184831,299,0.42,2.3956172,NULL,6.5993276,12048.304,9990.618,14146.975,63158,73228,92195,8.54504,8.80456,8.29069,49.85381,43.81652,NULL,NULL,71.111,74.717,67.838,117,36.918
"lie",38250,239,0.32,3.6983318,NULL,NULL,146829.7,NULL,NULL,NULL,NULL,NULL,12.53854,NULL,NULL,NULL,NULL,NULL,NULL,83.258,85.35,81.101,NULL,3.019
"lka",21547096,328,0.39,0.98566544,4.36,3.6556323,12578.221,7004.611,18573.303,30897,68495,103079,10.8273,10.83043,10.82703,83.96347,84.23522,NULL,NULL,76.399,79.502,73.11,36,15.65
"lso",2169209,71,0.79,1.0192093,NULL,1.0158708,2700.4358,2106.6028,3310.1252,56071,71343,53518,6.010185,6.5616727,5.982825,27.184793,24.557281,NULL,NULL,53.062,55.927,50.374,544,89.568
"ltu",2670680,41,-1.19,5.06908,40.13,5.003501,37931.305,33891.367,42500.043,57338,67865,44659,13.4981,13.58352,13.3952,95.53432,97.90855,NULL,NULL,73.72,78.775,68.778,8,10.377
"lux",640202,245,1.41,13.058926,45.47,6.8865676,84649.48,70117.375,98991.34,58481,65544,24291,13.015192,13.006267,13.024117,100,100,NULL,NULL,82.629,84.806,80.446,5,4.304
"lva",1855735,29,-1.02,3.5907154,31.04,4.4820952,32803.234,27882.285,38506.113,54542,66827,45696,13.25272,13.56833,12.89022,99.716034,99.27289,NULL,NULL,73.579,77.826,69.202,19,11.216
"mar",37599544,84,1.18,1.7484509,6.95,7.3727274,7302.8193,3193.5332,11356.023,22009,6595,6894,5.916,4.988,6.866,30.92,37.12,NULL,NULL,74.042,76.398,71.893,70,25.936
"mco",39511,19756,0.69,NULL,NULL,NULL,NULL,NULL,NULL,NULL,NULL,NULL,NULL,NULL,NULL,NULL,NULL,NULL,NULL,85.946,87.677,84.343,NULL,7.162
"mda",4017984,119,-0.25,1.2758918,3.41,13.94459,14875.332,12086.961,17961.168,33877,43932,33136,11.82159,11.85784,11.78107,96.11181,97.96126,6.779,306.649,68.846,73.547,64.443,19,27.795
"mdg",28860961,48,2.66,0.13288063,1.51,4.40234,1483.521,1283.7996,1682.3298,81531,87595,53128,5.1204686,4.9144664,5.3393245,27.313618,29.76,NULL,NULL,64.485,66.87,62.234,335,119.429
"mdv",546203,1812,0.57,3.3235037,NULL,30.962843,15448.128,6358.7363,22119.148,34326,67494,12482,7.322,7.12,7.528,46.400925,41.46901,NULL,NULL,79.918,81.019,79.082,53,7.291
"mex",131046075,66,1.03,2.768638,10.85,4.7971916,17896.295,12455.767,23600.06,43809,75415,57562,9.22105,9.09667,9.35804,65.05142,66.72071,NULL,NULL,70.213,74.864,66.056,33,54.369
"mhl",59610,329,0.71,2.5558372,NULL,-2.5000024,4619.535,NULL,NULL,NULL,NULL,19777,10.88314,10.70687,11.05575,91.64423,92.46858,NULL,NULL,65.269,67.2,63.692,NULL,58.035
"mkd",2082011,81,-0.03,3.430253,12.29,3.9642642,15917.753,11146.839,20715.672,42397,63444,53202,10.22815,9.65364,10.80744,61.90251,75.12755,7.889,452.966,73.842,76.156,71.662,7,16.367
"mli",21212426,17,2.99,0.16740052,4.57,3.06987,2132.6294,1482.6892,2769.8477,57678,79673,51947,2.31,2.384,2.198,7.99977,15.48597,NULL,NULL,58.941,60.331,57.618,562,150.062
"mlt",443646,1401,0.28,3.6121058,40.67,9.413538,38884.457,30282.102,46821.01,53084,71413,56428,12.21026,12.00042,12.40597,82.18309,88.08732,NULL,NULL,83.777,86.108,81.441,6,11.484
"mmr",55037700,81,0.73,0.6676279,2.06,-17.984743,3850.5242,2618.8567,5092.895,40987,69962,62349,6.3768,6.09456,6.7309,38.50757,47.80256,NULL,NULL,65.672,69.001,62.546,250,33.043
"mne",628053,45,0,3.6777983,NULL,12.434359,20838.8,15934.763,26000.742,47817,62006,86635,12.176483,11.795824,12.59037,92.3131,99.241844,NULL,NULL,76.343,79.812,72.997,6,10.361
"mng",3359247,2,1.56,26.978027,10.62,1.4210091,10588.226,8540.72,12666.365,51495,66572,79766,9.4237,9.94959,8.84771,79.25841,73.04767,NULL,NULL,70.975,75.696,66.537,45,26.708
"moz",32696683,40,2.9,0.21023224,2.19,2.2248192,1198.074,1095.6663,1304.4031,77657,78931,106369,3.1976418,2.4319947,4.095451,10.809221,20.233685,NULL,NULL,59.325,62.432,56.204,289,165.778
"mrt",4848828,5,2.7,0.72633296,7.75,2.2997487,5075.3057,2603.5774,7649.5894,27396,6219,51663,4.918805,4.6349688,5.326898,14.46705,21.91646,NULL,NULL,64.364,66.098,62.666,766,78.013
"mus",1274295,624,0.13,3.1290298,NULL,4.04022,22025.346,15015.821,29221.045,43404,70448,9355,10.427911,10.041561,10.858022,64.41498,70.77325,NULL,NULL,73.555,76.826,70.44,61,24.564
"mwi",19953296,166,2.71,0.0729223,1.71,2.7514164,1465.635,1231.629,1712.9045,71559,79953,6393,4.4896955,4.104783,4.667895,21.303879,28.44226,NULL,NULL,62.904,66.468,59.494,349,117.865
"mys",33015425,99,1.27,8.422647,19.59,3.1325896,26657.943,20671.56,32379.58,51188,77551,69016,10.64506,10.56864,10.71778,75.03938,78.43252,NULL,NULL,74.884,77.362,72.659,29,9.271
"nam",2614500,3,1.83,1.525913,11.92,2.4306397,8633.505,7270.7046,10094.309,54532,62181,71957,7.1920133,7.454418,6.9122157,41.503918,44.137802,NULL,NULL,59.269,62.985,55.721,195,64.944
"ner",25677816,20,3.82,0.06983207,4.19,1.3520538,1239.867,936.48486,1534.5911,6173,84267,51214,2.1167173,1.7082918,2.7894878,9.163241,15.232771,NULL,NULL,61.576,62.794,60.406,509,170.462
"nga",214507696,229,2.55,0.60863125,3.6,3.6471865,4790.2847,3758.7551,5800.263,4793,59591,36628,7.181074,6.144916,8.2497635,40.35792,55.28503,NULL,NULL,52.676,53.07,52.285,917,101.675
"nic",6748507,51,1.17,0.76589304,5.4,10.344929,5624.7935,3646.341,7661.434,46803,81299,49395,7.144,7.42,6.84,51.22,49.74,NULL,NULL,73.837,76.803,70.836,98,85.648
"nld",17195298,410,0.22,8.059593,32.26,5.035902,55979.41,46301.34,65778.445,62444,71315,52328,12.58163,12.35273,12.81821,89.80819,92.67473,11.136,5846.155,81.687,83.357,79.997,5,2.804
"nor",5492570,17,0.82,7.615046,38.82,3.922665,64660.105,54699.445,74444.99,60294,7195,43411,13.00363,13.13508,12.87032,99.09422,99.28356,NULL,NULL,83.234,84.879,81.562,2,2.336
"npl",29960704,202,1.85,0.58200264,5.58,4.24694,3877.3154,3677.183,4095.455,78691,80772,45809,5.121793,4.1608696,6.220635,28.82631,44.72901,NULL,NULL,68.45,70.362,66.574,186,63.837
"nru",10876,518,0.48,5.2412233,NULL,1.5,17729.74,NULL,NULL,NULL,NULL,27064,NULL,NULL,NULL,NULL,NULL,NULL,NULL,63.617,67.303,60.262,NULL,72.479
"nzl",4883704,18,0.8,6.9418464,30.7,4.6468067,44057.312,36864.49,51377.477,65075,7533,50838,12.94469,12.93588,12.95394,82.03005,81.80407,NULL,NULL,82.451,84.321,80.576,9,12.63
"omn",5296006,17,2.29,12.17293,8.91,NULL,27054.324,7169.2124,39717.23,28721,85042,62922,11.65404,12.05676,11.44031,96.6407,99.91073,NULL,NULL,72.541,74.716,70.984,19,9.944
"pak",227724796,255,1.95,1.0627562,3.45,6.0297523,4623.7056,1569.3804,7619.735,20727,78079,74906,4.53633,3.89649,5.03535,22.06783,28.67372,NULL,NULL,66.098,68.623,63.787,140,42.269
"pan",4420589,58,1.55,2.498281,13.48,15.335819,26956.838,23379.65,30531.1,5039,72572,58433,10.54059,10.79375,10.26065,70.17552,68.69453,NULL,NULL,76.223,79.594,73.05,52,69.912
"per",33587011,26,1.18,1.3558867,9.43,13.349509,12245.894,9812.535,14726.658,66069,81875,36354,9.885519,9.325331,10.458695,59.311882,69.93792,NULL,NULL,72.377,74.746,70.121,88,56.756
"phl",111913102,324,1.34,1.2412544,8.77,5.703156,8920.429,7486.7183,10310.63,43836,68302,56951,8.9691,9.23272,8.70255,73.35157,69.08991,NULL,NULL,69.266,71.482,67.172,121,48.202
"plw",18169,40,0.41,12.123356,NULL,NULL,13818.679,NULL,NULL,NULL,NULL,NULL,12.49143,NULL,NULL,96.88914,97.33132,NULL,NULL,66.02,70.575,62.432,NULL,42.52
"png",9220306,20,1.92,0.7434986,5.23,1.5,4008.6235,3542.5261,4445.117,46254,4814,50926,4.74,4.08,5.378,10.78,15.52,NULL,NULL,65.351,68.415,62.948,145,55.25
"pol",37764461,121,-0.13,7.915974,17.85,5.7325816,33033.96,25260.74,41335.5,492,65489,53791,13.16475,13.34003,12.9682,86.5182,90.72978,NULL,NULL,76.457,80.389,72.626,2,9.653
"prk",25950189,215,0.42,1.1370227,0.75,NULL,NULL,NULL,NULL,77185,86141,NULL,NULL,NULL,NULL,NULL,NULL,NULL,NULL,73.284,75.743,70.83,89,2.325
"prt",10150252,110,-0.28,3.9608662,12.25,4.8812103,33154.535,28713.438,38126.797,53975,62208,127429,9.57594,9.60756,9.53867,59.74694,61.92317,NULL,NULL,81.044,84.079,77.847,8,7.444
"pry",7270717,18,1.22,1.0612912,18.93,4.1998816,12349.286,9410.455,15264.772,59636,84214,37719,8.86184,8.85623,8.86771,52.54085,53.97874,NULL,NULL,70.262,73.385,67.434,84,70.347
"qat",2962425,253,1.72,37.01945,33.72,1.5233973,87134.13,42100.848,104066.164,57215,95456,5836,9.996012,11.618816,9.612582,79.76019,69.62826,NULL,NULL,79.272,80.937,78.314,9,7.069
"rou",19062255,80,-0.57,3.7153628,16.04,5.8796678,30027.291,24554.477,35874.098,42795,6234,51391,11.27512,10.98982,11.58393,88.8174,93.70267,NULL,NULL,74.185,77.89,70.636,19,36.376
"rus",145899956,9,-0.02,10.807153,9.49,4.819792,27166.309,21857.332,33288.06,54489,69717,16993,12.774288,12.752773,12.806499,92.772865,95.90375,NULL,NULL,69.419,74.773,64.208,17,14.988
"rwa",13466174,504,2.5,0.07973152,2,10.88452,2209.7952,1989.5603,2439.9812,82501,82226,66575,4.4252925,4.0312247,4.885973,11.4477,16.311111,NULL,NULL,66.072,68.164,63.798,248,32.444
"sau",35659227,16,1.51,17.967203,30.03,3.2409298,46111.55,20677.977,64708.426,30937,80146,30008,11.31053,10.73622,11.67045,71.27488,80.92531,NULL,NULL,76.936,78.771,75.59,17,11.937
"sdn",45532863,24,2.42,0.43009165,11.25,0.114588216,3575.191,1832.7704,5319.732,28653,67819,181974,3.82,3.422,4.21,16.42,20.12,NULL,NULL,65.267,67.879,62.741,295,79.908
"sen",17462688,87,2.7,0.6241785,4.09,6.064496,3344.3118,2258.034,4467.5894,3351,56729,73157,2.9379382,1.5686561,4.4594846,11.147587,30.92489,NULL,NULL,67.093,69.284,64.752,315,66.454
"sgp",5925135,8305,0.79,7.77799,50.43,7.6139627,90918.65,75093.99,105348.33,59406,76828,159867,11.92488,11.62706,12.25471,80.46402,85.93204,NULL,NULL,82.754,84.927,80.636,8,2.623
"slb",714126,24,2.49,0.43497884,NULL,-0.17726001,2481.5115,2172.535,2777.233,83057,87398,16454,5.711848,NULL,NULL,NULL,NULL,NULL,NULL,70.348,71.959,68.931,104,60.251
"sle",8238113,113,2.06,0.10996513,2.12,3.0502026,1621.5126,1453.2928,1789.0529,56086,55925,79286,4.5760813,3.4772122,5.815924,34.740498,51.537086,NULL,NULL,60.062,61.354,58.758,1,100.905
"slv",6537250,310,0.5,0.9441114,5.87,10.800869,8295.666,5823.6714,11014.954,43579,7257,82439,7.15093,6.76928,7.62427,42.65145,51.43287,NULL,NULL,70.748,75.149,66.078,46,55.89
"smr",34017,558,0.25,NULL,NULL,NULL,52653.824,NULL,NULL,NULL,NULL,89181,10.80146,10.89808,10.69499,81.75824,84.28473,NULL,NULL,80.879,83.495,78.362,NULL,3.751
"som",16634297,26,2.93,0.035369795,3.5,3.3344307,1017.96783,544.6984,1488.7107,20901,46978,NULL,NULL,NULL,NULL,NULL,NULL,NULL,NULL,55.28,57.414,53.246,829,117.994
"srb",8674489,98,-0.46,4.9368854,15.65,7.389271,19123.027,15306.104,23270.168,46618,62272,57851,11.36987,11.01639,11.75636,88.57485,95.30072,NULL,NULL,74.192,77.178,71.221,12,14.897
"ssd",11493450,18,1.68,0.105344735,4.78,NULL,767.787,664.42377,873.23096,7044,73574,64692,5.72614,4.76217,6.18948,26.53764,36.35724,NULL,NULL,54.975,56.472,53.429,1,99.199
"stp",225954,232,1.92,0.51442105,NULL,1.8,4021.3508,2414.8792,5634.989,37137,69876,72378,6.2155995,5.595629,6.810887,39.874474,48.40198,NULL,NULL,67.591,70.419,65.161,130,79.418
"sur",594817,4,0.88,3.791474,NULL,-3.4786642,12672.2,8865.602,16506.352,43449,65065,125699,9.7768,9.897562,9.625531,69.91562,70.65886,NULL,NULL,70.274,73.551,67.207,120,56.137
"svk",5460937,111,0.02,5.6286473,19.14,3.0204718,30690.486,24848.668,36813.1,54743,66415,63074,12.91142,12.868,12.95856,98.86412,99.18135,NULL,NULL,74.91,78.431,71.495,5,26.307
"svn",2078724,103,-0.01,6.0429893,25.38,8.114558,39746.02,33037.527,46385.64,53763,62188,74429,12.80368,12.83347,12.77306,97.61309,98.74434,NULL,NULL,80.69,83.837,77.647,7,4.478
"swe",10196161,23,0.6,3.8255062,26.72,4.8006115,54489.375,49580.11,59326.08,61651,68009,36813,12.60972,12.76821,12.44829,91.8084,92.2247,NULL,NULL,82.983,84.91,81.078,4,3.345
"swz",1113276,66,0.55,0.8238318,NULL,7.426132,7678.592,6383.508,8992.517,45622,53606,45012,5.596,5.662,5.53,33.98,36.16,NULL,NULL,57.066,61.248,53.366,437,69.934
"syc",99124,219,0.57,4.9932384,NULL,1.8469003,25830.617,NULL,NULL,NULL,NULL,72851,10.28312,10.21333,10.36414,NULL,NULL,NULL,NULL,71.294,75.65,67.743,53,53.444
"syr",18646187,99,4.43,1.7446144,1.91,NULL,4191.934,1285.2329,7088.3193,15715,70767,0,5.1,4.6297,5.6,37.12,43.372,NULL,NULL,72.063,75.175,69.058,31,38.72
"tcd",17203787,13,2.98,0.055540457,8.26,-1.1999905,1364.1694,965.15106,1760.0728,46914,69927,55956,2.573774,1.4891737,3.6816254,7.7390647,24.369997,NULL,NULL,52.525,54.283,50.845,1,138.306
"tgo",8596357,149,2.41,0.2647268,4.14,5.260595,2166.6191,1884.5482,2445.7214,55488,59369,63745,5.0168076,3.4008584,6.828586,13.934642,42.291595,NULL,NULL,61.619,62.391,60.85,396,77.88
"tha",70039646,136,0.22,3.692921,11.75,1.5662954,17030.154,15457.084,18694.236,58992,75027,58375,8.69712,8.56564,8.83826,47.62686,51.66853,NULL,NULL,78.715,83.041,74.518,37,32.744
"tjk",9873338,68,2.22,0.9905695,5.75,9.200191,4547.742,2980.0881,6095.515,3021,50534,44403,11.333394,10.880144,11.761794,93.50187,94.58824,NULL,NULL,71.594,73.734,69.568,17,45.427
"tkm",6168788,13,1.44,12.491328,13.13,NULL,13020.716,9227.499,16884.438,3654,5559,11079,11.26139,10.92442,11.62147,93.473755,92.15588,NULL,NULL,69.264,72.663,65.865,7,21.769
"tls",1358744,90,1.93,0.3987273,NULL,4.3999987,4460.8696,3641.651,5248.157,60987,7224,10036,5.43679,4.74176,6.161881,33.73693,41.769714,NULL,NULL,67.737,69.544,66.1,142,33.877
"ton",107407,143,1.01,1.3597616,NULL,NULL,6822.0312,4842.027,8845.004,37292,55263,47547,11.392594,11.476221,11.235417,93.52619,93.14792,NULL,NULL,70.986,73.719,68.416,52,18.965
"tto",1405746,274,0.28,25.373137,NULL,-0.9853077,23392.021,16793.873,30166.203,46651,67961,60589,11.610624,11.725987,11.498731,84.80224,80.6475,NULL,NULL,72.971,76.403,69.662,67,38.132
"tun",12003225,73,0.99,2.3798635,9.17,3.3428025,10257.545,4869.5977,15777.905,25493,6715,81785,7.4315987,6.855294,8.034593,42.92003,51.795128,NULL,NULL,73.772,77.145,70.743,43,6.685
"tur",85484777,109,0.83,4.657321,17.49,10.986181,31032.8,19079.35,42928.79,31843,69407,41804,8.63314,7.87034,9.4116,56.30186,75.94153,NULL,NULL,76.032,79.121,73.04,17,16.884
"tuv",11931,459,1.18,0.6414603,NULL,2.9850745,6351.436,NULL,NULL,NULL,NULL,6024,10.573108,10.3877,10.7575,60.049026,60.71811,NULL,NULL,64.547,69.138,60.816,NULL,33.085
"tza",62539416,65,2.95,0.18312117,1.58,4.2790847,2664.329,2246.736,3091.931,79528,87098,40671,6.3728986,5.9238377,6.892429,13.002081,19.101477,3.747,39.309,66.201,68.311,64.183,524,123.652
"uga",47942521,195,3.02,0.10695436,1.92,3.3796334,2181.4365,1877.4303,2491.5027,64172,71306,51763,5.730942,4.896921,6.6833935,29.34,36.32,NULL,NULL,62.705,64.92,60.423,375,107.938
"ukr",43312073,72,-0.61,4.8911614,11.91,3.4,13255.51,10369.868,16604.742,48098,63567,47587,11.13142,11.457831,10.722366,96.16991,95.796265,NULL,NULL,71.624,76.7,66.531,19,15.642
"ury",3491832,19,0.33,1.6812187,17.49,4.367009,21268.88,17125.293,25680.33,54778,6925,65077,8.98255,9.25156,8.67691,59.55147,55.45654,9.152,1429.513,75.436,79.258,71.654,17,36.226
"usa",334058426,36,0.58,14.237864,29.65,5.6711073,64765.215,51538.957,78238.21,55227,66437,128125,13.68343,13.73783,13.62498,96.54835,96.36666,NULL,NULL,77.198,80.238,74.3,19,15.966
"uzb",34207969,76,1.39,3.3697934,6.12,7.42011,7916.7856,5427.3584,10402.952,44898,70916,35754,11.89559,11.73186,12.06483,99.87658,99.95917,6.747,120.504,70.862,73.39,68.334,29,15.859
"vct",109600,283,0.24,1.8828195,NULL,0.73510736,11961.088,8720.224,15074.897,52913,741,88421,10.83343,10.92371,10.74548,44.06854,39.61915,NULL,NULL,69.629,72.396,67.354,68,47.871
"ven",28842889,31,0.95,2.9754424,9.6,NULL,4810.883,2865.794,6795.864,34348,67813,240524,11.107277,11.36222,10.84877,79.84323,75.37382,3.816,142.459,70.554,75.207,66.259,125,82.715
"vnm",98655916,296,0.85,2.6125634,8.52,2.5889244,7867.3716,6932.3677,8825.6,69637,79437,39712,8.37028,8.03431,8.72713,61.28909,69.64499,4.681,166.232,73.618,78.235,69.117,43,34.6
"vut",318774,26,2.38,0.59105635,NULL,0.53165203,3085.4116,2353.697,3808.5762,59721,78006,48187,7.064846,NULL,NULL,NULL,NULL,NULL,NULL,70.449,72.945,68.397,72,64.063
"wsm",201011,70,0.87,1.238975,NULL,-8.078563,5307.9536,3222.698,7312.1357,307,54237,46301,11.4038,11.7741,11.02812,79.12749,71.582924,NULL,NULL,72.768,75.503,70.312,43,43.589
"yem",30882462,58,2.23,0.32750994,2.89,-2.061513,1314.2701,176.05945,2428.2244,5995,67637,69734,3.2,2.88,5.146,22.44,37.52,NULL,NULL,63.753,67.134,60.629,164,54.404
"zaf",60474550,49,1.24,7.6204195,7.55,4.9146028,12948.373,9934.611,16129.335,46212,59883,68978,11.37316,9.65739,12.15235,68.89771,87.66622,NULL,NULL,62.341,64.999,59.458,119,61.206
"zmb",19238117,25,2.92,0.3575346,2.38,3.5728154,3217.7678,2614.5051,3837.0469,6923,77847,119141,7.1870914,7.179212,7.225678,47.104202,56.811897,5.618,53.754,61.223,63.928,58.487,213,117.017
"zwe",15229891,39,1.54,0.7085618,1.21,5.8494196,3809.8872,3285.9336,4396.778,79308,88933,66913,8.710909,8.296558,9.190648,61.76821,72.4445,3.426,50.677,59.253,62.045,56.232,458,94.312
